tick,CSA,AREG,TREG,RX,CD16,FIDBO,MEMRD_ADDR,MEMRD_DATA,QREG,DBR,ND120_TOP.CORE.CPU_BOARD.CPU.PROC.CGA.DELILAH.ALU.s_sw_15_0,ND120_TOP.CORE.CPU_BOARD.CPU.PROC.CGA.DELILAH.ALU.s_arg_15_0,ND120_TOP.CORE.CPU_BOARD.CPU.PROC.CGA.DELILAH.ALU.s_csidbs4_0,ND120_TOP.CORE.CPU_BOARD.CPU.PROC.CGA.DELILAH.ALU.s_f_15_0,ND120_TOP.CORE.CPU_BOARD.CPU.PROC.CGA.DELILAH.ALU.s_g_15_0,ND120_TOP.CORE.CPU_BOARD.CPU.PROC.CGA.DELILAH.ALU.s_d_15_0,ND120_TOP.CORE.CPU_BOARD.CPU.PROC.CGA.DELILAH.ALU.s_a_15_0
68391424,6000,376,47,375,0,0,14305,0,60542,124370,0,0,0,60542,177777,0,0
68391425,6000,376,47,375,0,0,0,0,60542,124370,0,0,0,60542,177777,0,0
68391426,6000,376,47,375,0,0,0,0,60542,124370,0,0,0,60542,177777,0,0
68391427,6000,376,47,375,0,0,0,0,60542,124370,0,0,0,60542,177777,0,0
68391428,6546,376,47,375,54611,0,0,54611,60542,124370,0,0,0,60542,177777,0,0
68391429,6546,376,47,375,54611,0,0,54611,60542,124370,0,0,0,60542,177777,0,0
68391430,6546,376,47,375,54611,0,0,54611,60542,124370,0,0,0,60542,177777,0,0
68391431,6546,376,47,375,54611,0,0,54611,60542,124370,0,0,0,60542,177777,0,0
68391432,6546,376,47,375,54611,0,0,0,60542,124370,0,0,0,60542,177777,0,0
68391433,6546,376,47,375,54611,0,0,0,60542,124370,0,0,0,60542,177777,0,0
68391434,6546,376,47,375,54611,0,0,0,60542,124370,0,0,0,60542,177777,0,0
68391435,174,376,47,375,54611,60542,0,0,60542,54611,0,174,0,60542,117235,0,0
68391436,174,376,47,375,0,60542,0,0,60542,54611,0,174,3,60542,117235,0,0
68391437,0,376,47,375,0,60542,0,0,60542,54611,0,174,3,60542,117235,0,0
68391438,0,376,47,375,0,60542,0,0,60542,54611,0,174,3,60542,117235,0,0
68391439,0,376,47,375,0,60542,0,0,60542,54611,0,174,3,60542,117235,0,0
68391440,0,376,47,375,0,60542,7467,0,60542,54611,0,174,3,60542,117235,0,0
68391441,0,376,47,375,0,60542,7467,0,60542,54611,0,174,3,60542,117235,0,0
68391442,0,376,47,375,0,60542,0,0,60542,54611,0,174,3,60542,117235,0,0
68391443,0,376,47,375,0,60542,0,0,60542,54611,0,174,3,60542,117235,0,0
68391444,0,376,47,375,0,60542,0,0,60542,54611,0,174,3,60542,117235,0,0
68391445,0,376,47,375,376,60542,0,376,60542,54611,0,174,3,60542,117235,0,0
68391446,0,376,47,375,376,60542,0,376,60542,54611,0,174,3,60542,117235,0,0
68391447,0,376,47,375,376,60542,0,376,60542,54611,0,174,3,60542,117235,0,0
68391448,0,376,47,375,376,60542,0,376,60542,54611,0,174,3,60542,117235,0,0
68391449,0,376,47,375,376,60542,0,0,60542,54611,0,174,3,60542,117235,0,0
68391450,0,376,47,375,376,60542,0,0,60542,54611,0,174,3,60542,117235,0,0
68391451,0,376,47,375,376,60542,0,0,60542,54611,0,174,3,60542,117235,0,0
68391452,0,376,47,375,376,376,0,0,60542,376,61141,0,3,376,177401,376,0
68391453,0,376,47,375,0,376,0,0,60542,376,61141,0,4,376,177401,376,0
68391454,2001,376,47,375,0,376,0,0,60542,376,61141,0,0,376,177401,376,0
68391455,16306,376,47,375,0,376,0,0,60542,376,61141,0,0,376,177401,376,0
68391456,16306,376,47,375,0,376,0,0,60542,376,61141,0,0,376,177401,376,0
68391457,0,376,47,375,0,376,14306,0,60542,376,61141,0,0,376,177401,376,0
68391458,6000,376,47,375,0,376,14306,0,60542,376,61141,0,0,376,177401,376,0
68391459,6000,376,47,375,0,376,0,0,60542,376,61141,0,0,376,177401,376,0
68391460,6000,376,47,375,0,376,0,0,60542,376,61141,0,0,376,177401,376,0
68391461,6000,376,47,375,0,376,0,0,60542,376,61141,0,0,376,177401,376,0
68391462,6506,376,47,375,50606,376,0,50606,60542,376,61141,0,0,376,177401,376,0
68391463,6506,376,47,375,50606,376,0,50606,60542,376,61141,0,0,376,177401,376,0
68391464,6506,376,47,375,50606,376,0,50606,60542,376,61141,0,0,376,177401,376,0
68391465,6506,376,47,375,50606,376,0,50606,60542,376,61141,0,0,376,177401,376,0
68391466,6506,376,47,375,50606,376,0,0,60542,376,61141,0,0,376,177401,376,0
68391467,6506,376,47,375,50606,376,0,0,60542,376,61141,0,0,376,177401,376,0
68391468,6506,376,47,375,50606,376,0,0,60542,376,61141,0,0,376,177401,376,0
68391469,172,376,47,376,50606,60542,0,0,60542,50606,177000,172,0,60542,117235,0,0
68391470,172,376,47,376,0,60542,0,0,60542,50606,177000,172,3,60542,117235,0,0
68391471,0,376,47,376,0,60542,0,0,60542,50606,177000,172,3,60542,117235,0,0
68391472,0,376,47,376,0,60542,0,0,60542,50606,177000,172,3,60542,117235,0,0
68391473,0,376,47,376,0,60542,0,0,60542,50606,177000,172,3,60542,117235,0,0
68391474,0,376,47,376,0,60542,7464,0,60542,50606,177000,172,3,60542,117235,0,0
68391475,0,376,47,376,0,60542,7464,0,60542,50606,177000,172,3,60542,117235,0,0
68391476,0,376,47,376,0,60542,0,0,60542,50606,177000,172,3,60542,117235,0,0
68391477,0,376,47,376,0,60542,0,0,60542,50606,177000,172,3,60542,117235,0,0
68391478,0,376,47,376,0,60542,0,0,60542,50606,177000,172,3,60542,117235,0,0
68391479,0,376,47,376,66661,60542,0,66661,60542,50606,177000,172,3,60542,117235,0,0
68391480,0,376,47,376,66661,60542,0,66661,60542,50606,177000,172,3,60542,117235,0,0
68391481,0,376,47,376,66661,60542,0,66661,60542,50606,177000,172,3,60542,117235,0,0
68391482,0,376,47,376,66661,60542,0,66661,60542,50606,177000,172,3,60542,117235,0,0
68391483,0,376,47,376,66661,60542,0,0,60542,50606,177000,172,3,60542,117235,0,0
68391484,0,376,47,376,66661,60542,0,0,60542,50606,177000,172,3,60542,117235,0,0
68391485,0,376,47,376,66661,60542,0,0,60542,50606,177000,172,3,60542,117235,0,0
68391486,0,376,47,376,66661,66661,0,0,60542,66661,61141,0,3,66661,111116,66661,0
68391487,0,376,47,376,0,66661,0,0,60542,66661,61141,0,4,66661,111116,66661,0
68391488,2001,376,47,376,0,66661,0,0,60542,66661,61141,0,0,66661,111116,66661,0
68391489,16307,376,47,376,0,66661,0,0,60542,66661,61141,0,0,66661,111116,66661,0
68391490,16307,376,47,376,0,66661,0,0,60542,66661,61141,0,0,66661,111116,66661,0
68391491,0,376,47,376,0,66661,14307,0,60542,66661,61141,0,0,66661,111116,66661,0
68391492,6000,376,47,376,0,66661,14307,0,60542,66661,61141,0,0,66661,111116,66661,0
68391493,6000,376,47,376,0,66661,0,0,60542,66661,61141,0,0,66661,111116,66661,0
68391494,6000,376,47,376,0,66661,0,0,60542,66661,61141,0,0,66661,111116,66661,0
68391495,6000,376,47,376,0,66661,0,0,60542,66661,61141,0,0,66661,111116,66661,0
68391496,7422,376,47,376,142200,66661,0,142200,60542,66661,61141,0,0,66661,111116,66661,0
68391497,7422,376,47,376,142200,66661,0,142200,60542,66661,61141,0,0,66661,111116,66661,0
68391498,7422,376,47,376,142200,66661,0,142200,60542,66661,61141,0,0,66661,111116,66661,0
68391499,7422,376,47,376,142200,66661,0,142200,60542,66661,61141,0,0,66661,111116,66661,0
68391500,7422,376,47,376,142200,66661,0,0,60542,66661,61141,0,0,66661,111116,66661,0
68391501,7422,376,47,376,142200,66661,0,0,60542,66661,61141,0,0,66661,111116,66661,0
68391502,7422,376,47,376,142200,66661,0,0,60542,66661,61141,0,0,66661,111116,66661,0
68391503,4331,376,66661,376,162742,60542,0,0,60542,142200,130555,4331,0,60542,117235,0,0
68391504,4331,376,66661,376,60542,60542,0,0,60542,142200,130555,4331,0,60542,117235,0,0
68391505,4335,376,66661,376,60542,60542,0,0,60542,142200,130555,4331,0,60542,117235,0,0
68391506,4335,376,66661,376,376,376,0,0,60542,60542,61141,74335,0,376,177401,0,376
68391507,4335,376,66661,376,376,376,0,0,60542,60542,61141,74335,0,376,177401,0,376
68391508,4336,376,66661,376,376,376,0,0,60542,60542,61141,74335,0,376,177401,0,376
68391509,4336,376,66661,376,67060,67060,0,0,60542,60542,177000,60000,0,67060,110717,0,66661
68391510,4337,376,66661,376,67060,67060,0,0,60542,60542,177000,60000,10,67060,110717,0,66661
68391511,4332,376,66661,376,67060,67060,0,0,60542,60542,177000,60000,10,67060,110717,0,66661
68391512,4332,376,66661,376,0,1,0,0,60542,60542,30156,70350,10,0,177776,1,376
68391513,4332,376,66661,376,0,1,0,0,60542,60542,30156,70350,3,0,177776,1,376
68391514,4334,376,66661,376,0,1,0,0,60542,60542,30156,70350,3,0,177776,1,376
68391515,4334,376,66661,376,0,1,0,0,60542,60542,30156,70350,3,0,177776,1,376
68391516,4334,376,66661,376,0,1,0,0,60542,60542,30156,70350,3,0,177776,1,376
68391517,4334,376,66661,376,0,1,67060,0,60542,60542,30156,70350,3,0,177776,1,376
68391518,4334,376,66661,376,0,1,67060,0,60542,60542,30156,70350,3,0,177776,1,376
68391519,4334,376,66661,376,0,1,0,0,60542,60542,30156,70350,3,0,177776,1,376
68391520,4334,376,66661,376,0,1,0,0,60542,60542,30156,70350,3,0,177776,1,376
68391521,4334,376,66661,376,0,1,0,0,60542,60542,30156,70350,3,0,177776,1,376
68391522,4334,376,66661,376,67562,1,0,67562,60542,60542,30156,70350,3,0,177776,1,376
68391523,4334,376,66661,376,67562,1,0,67562,60542,60542,30156,70350,3,0,177776,1,376
68391524,4334,376,66661,376,67562,1,0,67562,60542,60542,30156,70350,3,0,177776,1,376
68391525,4334,376,66661,376,67562,1,0,67562,60542,60542,30156,70350,3,0,177776,1,376
68391526,4334,376,66661,376,67562,1,0,0,60542,60542,30156,70350,3,0,177776,1,376
68391527,4334,376,66661,376,67562,1,0,0,60542,60542,30156,70350,3,0,177776,1,376
68391528,4334,376,66661,376,67562,1,0,0,60542,60542,30156,70350,3,0,177776,1,376
68391529,4334,376,66661,376,67562,67562,0,0,60542,67562,400,4334,3,67562,110215,67562,0
68391530,4334,376,66661,376,67562,67562,0,0,60542,67562,400,4334,11,67562,110215,67562,0
68391531,4333,376,66661,376,67562,67562,0,0,60542,67562,400,4334,11,67562,110215,67562,0
68391532,4333,376,66661,376,71157,71157,0,0,67562,67562,71157,0,11,71157,106620,71157,0
68391533,4333,376,66661,376,71157,71157,0,0,67562,67562,71157,0,4,71157,106620,71157,0
68391534,377,376,66661,376,71157,71157,0,0,67562,67562,71157,0,4,71157,106620,71157,0
68391535,377,376,66661,376,0,377,0,0,71157,67562,67562,377,4,157,177400,377,0
68391536,377,376,66661,376,0,377,0,0,71157,67562,67562,377,0,157,177400,377,0
68391537,401,376,66661,376,0,377,0,0,71157,67562,67562,377,0,157,177400,377,0
68391538,16310,376,66661,376,0,377,0,0,71157,67562,67562,377,0,157,177400,377,0
68391539,16310,376,66661,376,0,377,0,0,71157,67562,67562,377,0,157,177400,377,0
68391540,0,376,66661,376,0,377,14310,0,71157,67562,67562,377,0,157,177400,377,0
68391541,6000,376,66661,376,0,377,14310,0,71157,67562,67562,377,0,157,177400,377,0
68391542,6000,376,66661,376,0,377,0,0,71157,67562,67562,377,0,157,177400,377,0
68391543,6000,376,66661,376,0,377,0,0,71157,67562,67562,377,0,157,177400,377,0
68391544,6000,376,66661,376,0,377,0,0,71157,67562,67562,377,0,157,177400,377,0
68391545,7710,376,66661,376,171047,377,0,171047,71157,67562,67562,377,0,157,177400,377,0
68391546,7710,376,66661,376,171047,377,0,171047,71157,67562,67562,377,22,157,177400,377,0
68391547,7710,376,66661,376,171047,377,0,171047,71157,67562,67562,377,22,157,177400,377,0
68391548,7710,376,66661,376,171047,377,0,171047,71157,67562,67562,377,22,157,177400,377,0
68391549,7710,376,66661,376,171047,377,0,0,71157,67562,67562,377,22,157,177400,377,0
68391550,7710,376,66661,376,171047,377,0,0,71157,67562,67562,377,22,157,177400,377,0
68391551,7710,376,66661,376,171047,377,0,0,71157,67562,67562,377,22,157,177400,377,0
68391552,0,157,66661,376,171047,47,0,0,71157,171047,177400,0,22,47,177730,47,0
68391553,0,157,66661,376,0,47,0,0,71157,171047,177400,0,4,47,177730,47,0
68391554,2001,157,66661,376,0,47,0,0,71157,171047,177400,0,0,47,177730,47,0
68391555,16311,157,66661,376,0,47,0,0,71157,171047,177400,0,0,47,177730,47,0
68391556,16311,157,66661,376,0,47,0,0,71157,171047,177400,0,0,47,177730,47,0
68391557,0,157,66661,376,0,47,14311,0,71157,171047,177400,0,0,47,177730,47,0
68391558,6000,157,66661,376,0,47,14311,0,71157,171047,177400,0,0,47,177730,47,0
68391559,6000,157,66661,376,0,47,0,0,71157,171047,177400,0,0,47,177730,47,0
68391560,6000,157,66661,376,0,47,0,0,71157,171047,177400,0,0,47,177730,47,0
68391561,6000,157,66661,376,0,47,0,0,71157,171047,177400,0,0,47,177730,47,0
68391562,7420,157,66661,376,142065,47,0,142065,71157,171047,177400,0,0,47,177730,47,0
68391563,7420,157,66661,376,142065,47,0,142065,71157,171047,177400,0,0,47,177730,47,0
68391564,7420,157,66661,376,142065,47,0,142065,71157,171047,177400,0,0,47,177730,47,0
68391565,7420,157,66661,376,142065,47,0,142065,71157,171047,177400,0,0,47,177730,47,0
68391566,7420,157,66661,376,142065,47,0,0,71157,171047,177400,0,0,47,177730,47,0
68391567,7420,157,66661,376,142065,47,0,0,71157,171047,177400,0,0,47,177730,47,0
68391568,7420,157,66661,376,142065,47,0,0,71157,171047,177400,0,0,47,177730,47,0
68391569,215,157,47,376,142065,110,0,0,71157,142065,23400,215,0,110,177667,0,47
68391570,215,157,47,376,0,110,0,0,71157,142065,23400,215,0,110,177667,0,47
68391571,0,157,47,376,0,110,0,0,71157,142065,23400,215,0,110,177667,0,47
68391572,16312,157,47,376,0,110,0,0,71157,142065,23400,215,0,110,177667,0,47
68391573,16312,157,47,376,0,110,0,0,71157,142065,23400,215,0,110,177667,0,47
68391574,0,157,47,376,0,110,0,0,71157,142065,23400,215,0,110,177667,0,47
68391575,0,157,47,376,0,110,0,0,71157,142065,23400,215,0,110,177667,0,47
68391576,0,157,47,376,0,0,0,0,71157,0,44000,0,0,0,177777,0,0
68391577,0,157,47,376,0,0,0,0,71157,0,44000,0,4,0,177777,0,0
68391578,2001,157,47,376,0,0,0,0,71157,0,44000,0,0,0,177777,0,0
68391579,16313,157,47,376,0,0,0,0,71157,0,44000,0,0,0,177777,0,0
68391580,16313,157,47,376,0,0,0,0,71157,0,44000,0,0,0,177777,0,0
68391581,0,157,47,376,0,0,14313,0,71157,0,44000,0,0,0,177777,0,0
68391582,6000,157,47,376,0,0,14313,0,71157,0,44000,0,0,0,177777,0,0
68391583,6000,157,47,376,0,0,0,0,71157,0,44000,0,0,0,177777,0,0
68391584,6000,157,47,376,0,0,0,0,71157,0,44000,0,0,0,177777,0,0
68391585,6000,157,47,376,0,0,0,0,71157,0,44000,0,0,0,177777,0,0
68391586,7465,157,47,376,146575,0,0,146575,71157,0,44000,0,0,0,177777,0,0
68391587,7465,157,47,376,146575,0,0,146575,71157,0,44000,0,0,0,177777,0,0
68391588,7465,157,47,376,146575,0,0,146575,71157,0,44000,0,0,0,177777,0,0
68391589,7465,157,47,376,146575,0,0,146575,71157,0,44000,0,0,0,177777,0,0
68391590,7465,157,47,376,146575,0,0,0,71157,0,44000,0,0,0,177777,0,0
68391591,7465,157,47,376,146575,0,0,0,71157,0,44000,0,0,0,177777,0,0
68391592,7465,157,47,376,146575,0,0,0,71157,0,44000,0,0,0,177777,0,0
68391593,145,157,47,376,146575,377,0,0,71157,146575,0,145,0,377,177400,0,376
68391594,145,157,47,376,0,377,0,0,71157,146575,0,145,0,377,177400,0,376
68391595,0,157,47,376,0,377,0,0,71157,146575,0,145,0,377,177400,0,376
68391596,16314,157,47,376,0,377,0,0,71157,146575,0,145,0,377,177400,0,376
68391597,16314,157,47,376,0,377,0,0,71157,146575,0,145,0,377,177400,0,376
68391598,0,157,47,376,0,377,14314,0,71157,146575,0,145,0,377,177400,0,376
68391599,6000,157,47,376,0,377,14314,0,71157,146575,0,145,0,377,177400,0,376
68391600,6000,157,47,376,0,377,0,0,71157,146575,0,145,0,377,177400,0,376
68391601,6000,157,47,376,0,377,0,0,71157,146575,0,145,0,377,177400,0,376
68391602,6000,157,47,376,0,377,0,0,71157,146575,0,145,0,377,177400,0,376
68391603,6046,157,47,376,4611,377,0,4611,71157,146575,0,145,0,377,177400,0,376
68391604,6046,157,47,376,4611,377,0,4611,71157,146575,0,145,0,377,177400,0,376
68391605,6046,157,47,376,4611,377,0,4611,71157,146575,0,145,0,377,177400,0,376
68391606,6046,157,47,376,4611,377,0,4611,71157,146575,0,145,0,377,177400,0,376
68391607,6046,157,47,376,4611,377,0,0,71157,146575,0,145,0,377,177400,0,376
68391608,6046,157,47,376,4611,377,0,0,71157,146575,0,145,0,377,177400,0,376
68391609,6046,157,47,376,4611,377,0,0,71157,146575,0,145,0,377,177400,0,376
68391610,145,377,47,376,4777,377,0,0,71157,146575,177400,50145,0,377,177400,0,377
68391611,145,377,47,376,377,377,0,0,71157,146575,177400,50145,0,377,177400,0,377
68391612,0,377,47,376,377,377,0,0,71157,146575,177400,50145,0,377,177400,0,377
68391613,0,377,47,376,377,377,0,0,71157,146575,177400,50145,0,377,177400,0,377
68391614,0,377,47,376,377,377,0,0,71157,146575,177400,50145,0,377,177400,0,377
68391615,0,377,47,376,377,377,7467,0,71157,146575,177400,50145,0,377,177400,0,377
68391616,0,377,47,376,377,377,7467,0,71157,146575,177400,50145,0,377,177400,0,377
68391617,0,377,47,376,377,377,0,0,71157,146575,177400,50145,0,377,177400,0,377
68391618,0,377,47,376,377,377,377,0,71157,146575,177400,50145,0,377,177400,0,377
68391619,0,377,47,376,0,0,377,0,71157,377,177400,0,0,0,177777,0,0
68391620,0,377,47,376,0,0,377,0,71157,377,177400,0,4,0,177777,0,0
68391621,2001,377,47,376,0,0,377,0,71157,377,177400,0,0,0,177777,0,0
68391622,16315,377,47,376,0,0,377,0,71157,377,177400,0,0,0,177777,0,0
68391623,16315,377,47,376,0,0,377,0,71157,377,177400,0,0,0,177777,0,0
68391624,0,377,47,376,0,0,377,0,71157,377,177400,0,0,0,177777,0,0
68391625,0,377,47,376,0,0,0,0,71157,377,177400,0,0,0,177777,0,0
68391626,0,377,47,376,0,0,14315,0,71157,377,177400,0,0,0,177777,0,0
68391627,6000,377,47,376,0,0,14315,0,71157,377,177400,0,0,0,177777,0,0
68391628,6000,377,47,376,0,0,0,0,71157,377,177400,0,0,0,177777,0,0
68391629,6000,377,47,376,0,0,0,0,71157,377,177400,0,0,0,177777,0,0
68391630,6000,377,47,376,0,0,0,0,71157,377,177400,0,0,0,177777,0,0
68391631,7243,377,47,376,124370,0,0,124370,71157,377,177400,0,0,0,177777,0,0
68391632,7243,377,47,376,124370,0,0,124370,71157,377,177400,0,34,0,177777,0,0
68391633,7243,377,47,376,124370,0,0,124370,71157,377,177400,0,34,0,177777,0,0
68391634,7243,377,47,376,124370,0,0,124370,71157,377,177400,0,34,0,177777,0,0
68391635,7243,377,47,376,124370,0,0,0,71157,377,177400,0,34,0,177777,0,0
68391636,7243,377,47,376,124370,0,0,0,71157,377,177400,0,34,0,177777,0,0
68391637,7243,377,47,376,124370,0,0,0,71157,377,177400,0,34,0,177777,0,0
68391638,0,377,47,376,124370,0,0,0,71157,124370,0,0,34,71157,177777,0,0
68391639,0,377,47,376,0,0,0,0,71157,124370,0,0,4,71157,177777,0,0
68391640,2001,377,47,376,0,0,0,0,71157,124370,0,0,0,71157,177777,0,0
68391641,16305,377,47,376,0,0,0,0,71157,124370,0,0,0,71157,177777,0,0
68391642,16305,377,47,376,0,0,0,0,71157,124370,0,0,0,71157,177777,0,0
68391643,0,377,47,376,0,0,14305,0,71157,124370,0,0,0,71157,177777,0,0
68391644,6000,377,47,376,0,0,14305,0,71157,124370,0,0,0,71157,177777,0,0
68391645,6000,377,47,376,0,0,0,0,71157,124370,0,0,0,71157,177777,0,0
68391646,6000,377,47,376,0,0,0,0,71157,124370,0,0,0,71157,177777,0,0
68391647,6000,377,47,376,0,0,0,0,71157,124370,0,0,0,71157,177777,0,0
68391648,6546,377,47,376,54611,0,0,54611,71157,124370,0,0,0,71157,177777,0,0
68391649,6546,377,47,376,54611,0,0,54611,71157,124370,0,0,0,71157,177777,0,0
68391650,6546,377,47,376,54611,0,0,54611,71157,124370,0,0,0,71157,177777,0,0
68391651,6546,377,47,376,54611,0,0,54611,71157,124370,0,0,0,71157,177777,0,0
68391652,6546,377,47,376,54611,0,0,0,71157,124370,0,0,0,71157,177777,0,0
68391653,6546,377,47,376,54611,0,0,0,71157,124370,0,0,0,71157,177777,0,0
68391654,6546,377,47,376,54611,0,0,0,71157,124370,0,0,0,71157,177777,0,0
68391655,174,377,47,376,54611,71157,0,0,71157,54611,0,174,0,71157,106620,0,0
68391656,174,377,47,376,0,71157,0,0,71157,54611,0,174,3,71157,106620,0,0
68391657,0,377,47,376,0,71157,0,0,71157,54611,0,174,3,71157,106620,0,0
68391658,0,377,47,376,0,71157,0,0,71157,54611,0,174,3,71157,106620,0,0
68391659,0,377,47,376,0,71157,0,0,71157,54611,0,174,3,71157,106620,0,0
68391660,0,377,47,376,0,71157,7467,0,71157,54611,0,174,3,71157,106620,0,0
68391661,0,377,47,376,0,71157,7467,0,71157,54611,0,174,3,71157,106620,0,0
68391662,0,377,47,376,0,71157,0,0,71157,54611,0,174,3,71157,106620,0,0
68391663,0,377,47,376,0,71157,0,0,71157,54611,0,174,3,71157,106620,0,0
68391664,0,377,47,376,0,71157,0,0,71157,54611,0,174,3,71157,106620,0,0
68391665,0,377,47,376,377,71157,0,377,71157,54611,0,174,3,71157,106620,0,0
68391666,0,377,47,376,377,71157,0,377,71157,54611,0,174,3,71157,106620,0,0
68391667,0,377,47,376,377,71157,0,377,71157,54611,0,174,3,71157,106620,0,0
68391668,0,377,47,376,377,71157,0,377,71157,54611,0,174,3,71157,106620,0,0
68391669,0,377,47,376,377,71157,0,0,71157,54611,0,174,3,71157,106620,0,0
68391670,0,377,47,376,377,71157,0,0,71157,54611,0,174,3,71157,106620,0,0
68391671,0,377,47,376,377,71157,0,0,71157,54611,0,174,3,71157,106620,0,0
68391672,0,377,47,376,377,377,0,0,71157,377,67562,0,3,377,177400,377,0
68391673,0,377,47,376,0,377,0,0,71157,377,67562,0,4,377,177400,377,0
68391674,2001,377,47,376,0,377,0,0,71157,377,67562,0,0,377,177400,377,0
68391675,16306,377,47,376,0,377,0,0,71157,377,67562,0,0,377,177400,377,0
68391676,16306,377,47,376,0,377,0,0,71157,377,67562,0,0,377,177400,377,0
68391677,0,377,47,376,0,377,14306,0,71157,377,67562,0,0,377,177400,377,0
68391678,6000,377,47,376,0,377,14306,0,71157,377,67562,0,0,377,177400,377,0
68391679,6000,377,47,376,0,377,0,0,71157,377,67562,0,0,377,177400,377,0
68391680,6000,377,47,376,0,377,0,0,71157,377,67562,0,0,377,177400,377,0
68391681,6000,377,47,376,0,377,0,0,71157,377,67562,0,0,377,177400,377,0
68391682,6506,377,47,376,50606,377,0,50606,71157,377,67562,0,0,377,177400,377,0
68391683,6506,377,47,376,50606,377,0,50606,71157,377,67562,0,0,377,177400,377,0
68391684,6506,377,47,376,50606,377,0,50606,71157,377,67562,0,0,377,177400,377,0
68391685,6506,377,47,376,50606,377,0,50606,71157,377,67562,0,0,377,177400,377,0
68391686,6506,377,47,376,50606,377,0,0,71157,377,67562,0,0,377,177400,377,0
68391687,6506,377,47,376,50606,377,0,0,71157,377,67562,0,0,377,177400,377,0
68391688,6506,377,47,376,50606,377,0,0,71157,377,67562,0,0,377,177400,377,0
68391689,172,377,47,377,50606,71157,0,0,71157,50606,177400,172,0,71157,106620,0,0
68391690,172,377,47,377,0,71157,0,0,71157,50606,177400,172,3,71157,106620,0,0
68391691,0,377,47,377,0,71157,0,0,71157,50606,177400,172,3,71157,106620,0,0
68391692,0,377,47,377,0,71157,0,0,71157,50606,177400,172,3,71157,106620,0,0
68391693,0,377,47,377,0,71157,0,0,71157,50606,177400,172,3,71157,106620,0,0
68391694,0,377,47,377,0,71157,7464,0,71157,50606,177400,172,3,71157,106620,0,0
68391695,0,377,47,377,0,71157,7464,0,71157,50606,177400,172,3,71157,106620,0,0
68391696,0,377,47,377,0,71157,0,0,71157,50606,177400,172,3,71157,106620,0,0
68391697,0,377,47,377,0,71157,0,0,71157,50606,177400,172,3,71157,106620,0,0
68391698,0,377,47,377,0,71157,0,0,71157,50606,177400,172,3,71157,106620,0,0
68391699,0,377,47,377,66661,71157,0,66661,71157,50606,177400,172,3,71157,106620,0,0
68391700,0,377,47,377,66661,71157,0,66661,71157,50606,177400,172,3,71157,106620,0,0
68391701,0,377,47,377,66661,71157,0,66661,71157,50606,177400,172,3,71157,106620,0,0
68391702,0,377,47,377,66661,71157,0,66661,71157,50606,177400,172,3,71157,106620,0,0
68391703,0,377,47,377,66661,71157,0,0,71157,50606,177400,172,3,71157,106620,0,0
68391704,0,377,47,377,66661,71157,0,0,71157,50606,177400,172,3,71157,106620,0,0
68391705,0,377,47,377,66661,71157,0,0,71157,50606,177400,172,3,71157,106620,0,0
68391706,0,377,47,377,66661,66661,0,0,71157,66661,67562,0,3,66661,111116,66661,0
68391707,0,377,47,377,0,66661,0,0,71157,66661,67562,0,4,66661,111116,66661,0
68391708,2001,377,47,377,0,66661,0,0,71157,66661,67562,0,0,66661,111116,66661,0
68391709,16307,377,47,377,0,66661,0,0,71157,66661,67562,0,0,66661,111116,66661,0
68391710,16307,377,47,377,0,66661,0,0,71157,66661,67562,0,0,66661,111116,66661,0
68391711,0,377,47,377,0,66661,14307,0,71157,66661,67562,0,0,66661,111116,66661,0
68391712,6000,377,47,377,0,66661,14307,0,71157,66661,67562,0,0,66661,111116,66661,0
68391713,6000,377,47,377,0,66661,0,0,71157,66661,67562,0,0,66661,111116,66661,0
68391714,6000,377,47,377,0,66661,0,0,71157,66661,67562,0,0,66661,111116,66661,0
68391715,6000,377,47,377,0,66661,0,0,71157,66661,67562,0,0,66661,111116,66661,0
68391716,7422,377,47,377,142200,66661,0,142200,71157,66661,67562,0,0,66661,111116,66661,0
68391717,7422,377,47,377,142200,66661,0,142200,71157,66661,67562,0,0,66661,111116,66661,0
68391718,7422,377,47,377,142200,66661,0,142200,71157,66661,67562,0,0,66661,111116,66661,0
68391719,7422,377,47,377,142200,66661,0,142200,71157,66661,67562,0,0,66661,111116,66661,0
68391720,7422,377,47,377,142200,66661,0,0,71157,66661,67562,0,0,66661,111116,66661,0
68391721,7422,377,47,377,142200,66661,0,0,71157,66661,67562,0,0,66661,111116,66661,0
68391722,7422,377,47,377,142200,66661,0,0,71157,66661,67562,0,0,66661,111116,66661,0
68391723,4331,377,66661,377,173357,71157,0,0,71157,142200,130555,4331,0,71157,106620,0,0
# MARK fail tick=68391723
68391724,4331,377,66661,377,71157,71157,0,0,71157,142200,130555,4331,0,71157,106620,0,0
68391725,4335,377,66661,377,71157,71157,0,0,71157,142200,130555,4331,0,71157,106620,0,0
68391726,4335,377,66661,377,377,377,0,0,71157,71157,67562,74335,0,377,177400,0,377
68391727,4335,377,66661,377,377,377,0,0,71157,71157,67562,74335,0,377,177400,0,377
68391728,4336,377,66661,377,377,377,0,0,71157,71157,67562,74335,0,377,177400,0,377
68391729,4336,377,66661,377,67060,67060,0,0,71157,71157,177400,60000,0,67060,110717,0,66661
68391730,4337,377,66661,377,67060,67060,0,0,71157,71157,177400,60000,10,67060,110717,0,66661
68391731,4332,377,66661,377,67060,67060,0,0,71157,71157,177400,60000,10,67060,110717,0,66661
68391732,4332,377,66661,377,0,1,0,0,71157,71157,30156,70350,10,1,177776,1,377
68391733,4332,377,66661,377,0,1,0,0,71157,71157,30156,70350,3,1,177776,1,377
68391734,4333,377,66661,377,0,1,0,0,71157,71157,30156,70350,3,1,177776,1,377
68391735,4333,377,66661,377,0,1,0,0,71157,71157,30156,70350,3,1,177776,1,377
68391736,4333,377,66661,377,0,1,0,0,71157,71157,30156,70350,3,1,177776,1,377
68391737,4333,377,66661,377,0,1,67060,0,71157,71157,30156,70350,3,1,177776,1,377
68391738,4333,377,66661,377,0,1,67060,0,71157,71157,30156,70350,3,1,177776,1,377
68391739,4333,377,66661,377,0,1,0,0,71157,71157,30156,70350,3,1,177776,1,377
68391740,4333,377,66661,377,0,1,0,0,71157,71157,30156,70350,3,1,177776,1,377
68391741,4333,377,66661,377,0,1,0,0,71157,71157,30156,70350,3,1,177776,1,377
68391742,4333,377,66661,377,67562,1,0,67562,71157,71157,30156,70350,3,1,177776,1,377
68391743,4333,377,66661,377,67562,1,0,67562,71157,71157,30156,70350,3,1,177776,1,377
68391744,4333,377,66661,377,67562,1,0,67562,71157,71157,30156,70350,3,1,177776,1,377
68391745,4333,377,66661,377,67562,1,0,67562,71157,71157,30156,70350,3,1,177776,1,377
68391746,4333,377,66661,377,67562,1,0,0,71157,71157,30156,70350,3,1,177776,1,377
68391747,4333,377,66661,377,67562,1,0,0,71157,71157,30156,70350,3,1,177776,1,377
68391748,4333,377,66661,377,67562,1,0,0,71157,71157,30156,70350,3,1,177776,1,377
68391749,4333,377,66661,377,67562,67562,0,0,71157,67562,400,4334,3,67562,110215,67562,0
68391750,4334,377,66661,377,67562,67562,0,0,71157,67562,400,4334,4,67562,110215,67562,0
# MARK fail tick=68391750
68391751,377,377,66661,377,67562,67562,0,0,71157,67562,400,4334,4,67562,110215,67562,0
68391752,377,377,66661,377,0,377,0,0,67562,67562,71157,377,4,162,177400,377,0
68391753,377,377,66661,377,0,377,0,0,67562,67562,71157,377,0,162,177400,377,0
68391754,401,377,66661,377,0,377,0,0,67562,67562,71157,377,0,162,177400,377,0
68391755,16310,377,66661,377,0,377,0,0,67562,67562,71157,377,0,162,177400,377,0
68391756,16310,377,66661,377,0,377,0,0,67562,67562,71157,377,0,162,177400,377,0
68391757,0,377,66661,377,0,377,14310,0,67562,67562,71157,377,0,162,177400,377,0
68391758,6000,377,66661,377,0,377,14310,0,67562,67562,71157,377,0,162,177400,377,0
68391759,6000,377,66661,377,0,377,0,0,67562,67562,71157,377,0,162,177400,377,0
68391760,6000,377,66661,377,0,377,0,0,67562,67562,71157,377,0,162,177400,377,0
68391761,6000,377,66661,377,0,377,0,0,67562,67562,71157,377,0,162,177400,377,0
68391762,7710,377,66661,377,171047,377,0,171047,67562,67562,71157,377,0,162,177400,377,0
68391763,7710,377,66661,377,171047,377,0,171047,67562,67562,71157,377,22,162,177400,377,0
68391764,7710,377,66661,377,171047,377,0,171047,67562,67562,71157,377,22,162,177400,377,0
68391765,7710,377,66661,377,171047,377,0,171047,67562,67562,71157,377,22,162,177400,377,0
68391766,7710,377,66661,377,171047,377,0,0,67562,67562,71157,377,22,162,177400,377,0
68391767,7710,377,66661,377,171047,377,0,0,67562,67562,71157,377,22,162,177400,377,0
68391768,7710,377,66661,377,171047,377,0,0,67562,67562,71157,377,22,162,177400,377,0
68391769,0,162,66661,377,171047,47,0,0,67562,171047,177400,0,22,47,177730,47,0
68391770,0,162,66661,377,0,47,0,0,67562,171047,177400,0,4,47,177730,47,0
68391771,2001,162,66661,377,0,47,0,0,67562,171047,177400,0,0,47,177730,47,0
68391772,16311,162,66661,377,0,47,0,0,67562,171047,177400,0,0,47,177730,47,0
68391773,16311,162,66661,377,0,47,0,0,67562,171047,177400,0,0,47,177730,47,0
68391774,0,162,66661,377,0,47,14311,0,67562,171047,177400,0,0,47,177730,47,0
68391775,6000,162,66661,377,0,47,14311,0,67562,171047,177400,0,0,47,177730,47,0
68391776,6000,162,66661,377,0,47,0,0,67562,171047,177400,0,0,47,177730,47,0
68391777,6000,162,66661,377,0,47,0,0,67562,171047,177400,0,0,47,177730,47,0
68391778,6000,162,66661,377,0,47,0,0,67562,171047,177400,0,0,47,177730,47,0
68391779,7420,162,66661,377,142065,47,0,142065,67562,171047,177400,0,0,47,177730,47,0
68391780,7420,162,66661,377,142065,47,0,142065,67562,171047,177400,0,0,47,177730,47,0
68391781,7420,162,66661,377,142065,47,0,142065,67562,171047,177400,0,0,47,177730,47,0
68391782,7420,162,66661,377,142065,47,0,142065,67562,171047,177400,0,0,47,177730,47,0
68391783,7420,162,66661,377,142065,47,0,0,67562,171047,177400,0,0,47,177730,47,0
68391784,7420,162,66661,377,142065,47,0,0,67562,171047,177400,0,0,47,177730,47,0
68391785,7420,162,66661,377,142065,47,0,0,67562,171047,177400,0,0,47,177730,47,0
68391786,215,162,47,377,142065,113,0,0,67562,142065,23400,215,0,113,177664,0,47
68391787,215,162,47,377,0,113,0,0,67562,142065,23400,215,0,113,177664,0,47
68391788,0,162,47,377,0,113,0,0,67562,142065,23400,215,0,113,177664,0,47
68391789,16312,162,47,377,0,113,0,0,67562,142065,23400,215,0,113,177664,0,47
68391790,16312,162,47,377,0,113,0,0,67562,142065,23400,215,0,113,177664,0,47
70359194,6000,376,47,375,0,0,14305,0,36475,124370,0,0,0,36475,177777,0,0
70359195,6000,376,47,375,0,0,0,0,36475,124370,0,0,0,36475,177777,0,0
70359196,6000,376,47,375,0,0,0,0,36475,124370,0,0,0,36475,177777,0,0
70359197,6000,376,47,375,0,0,0,0,36475,124370,0,0,0,36475,177777,0,0
70359198,6546,376,47,375,54611,0,0,54611,36475,124370,0,0,0,36475,177777,0,0
70359199,6546,376,47,375,54611,0,0,54611,36475,124370,0,0,0,36475,177777,0,0
70359200,6546,376,47,375,54611,0,0,54611,36475,124370,0,0,0,36475,177777,0,0
70359201,6546,376,47,375,54611,0,0,54611,36475,124370,0,0,0,36475,177777,0,0
70359202,6546,376,47,375,54611,0,0,0,36475,124370,0,0,0,36475,177777,0,0
70359203,6546,376,47,375,54611,0,0,0,36475,124370,0,0,0,36475,177777,0,0
70359204,6546,376,47,375,54611,0,0,0,36475,124370,0,0,0,36475,177777,0,0
70359205,174,376,47,375,54611,36475,0,0,36475,54611,0,174,0,36475,141302,0,0
70359206,174,376,47,375,0,36475,0,0,36475,54611,0,174,3,36475,141302,0,0
70359207,0,376,47,375,0,36475,0,0,36475,54611,0,174,3,36475,141302,0,0
70359208,0,376,47,375,0,36475,0,0,36475,54611,0,174,3,36475,141302,0,0
70359209,0,376,47,375,0,36475,0,0,36475,54611,0,174,3,36475,141302,0,0
70359210,0,376,47,375,0,36475,7467,0,36475,54611,0,174,3,36475,141302,0,0
70359211,0,376,47,375,0,36475,7467,0,36475,54611,0,174,3,36475,141302,0,0
70359212,0,376,47,375,0,36475,0,0,36475,54611,0,174,3,36475,141302,0,0
70359213,0,376,47,375,0,36475,0,0,36475,54611,0,174,3,36475,141302,0,0
70359214,0,376,47,375,0,36475,0,0,36475,54611,0,174,3,36475,141302,0,0
70359215,0,376,47,375,376,36475,0,376,36475,54611,0,174,3,36475,141302,0,0
70359216,0,376,47,375,376,36475,0,376,36475,54611,0,174,3,36475,141302,0,0
70359217,0,376,47,375,376,36475,0,376,36475,54611,0,174,3,36475,141302,0,0
70359218,0,376,47,375,376,36475,0,376,36475,54611,0,174,3,36475,141302,0,0
70359219,0,376,47,375,376,36475,0,0,36475,54611,0,174,3,36475,141302,0,0
70359220,0,376,47,375,376,36475,0,0,36475,54611,0,174,3,36475,141302,0,0
70359221,0,376,47,375,376,36475,0,0,36475,54611,0,174,3,36475,141302,0,0
70359222,0,376,47,375,376,376,0,0,36475,376,36475,0,3,376,177401,376,0
70359223,0,376,47,375,0,376,0,0,36475,376,36475,0,4,376,177401,376,0
70359224,2001,376,47,375,0,376,0,0,36475,376,36475,0,0,376,177401,376,0
70359225,16306,376,47,375,0,376,0,0,36475,376,36475,0,0,376,177401,376,0
70359226,16306,376,47,375,0,376,0,0,36475,376,36475,0,0,376,177401,376,0
70359227,0,376,47,375,0,376,14306,0,36475,376,36475,0,0,376,177401,376,0
70359228,6000,376,47,375,0,376,14306,0,36475,376,36475,0,0,376,177401,376,0
70359229,6000,376,47,375,0,376,0,0,36475,376,36475,0,0,376,177401,376,0
70359230,6000,376,47,375,0,376,0,0,36475,376,36475,0,0,376,177401,376,0
70359231,6000,376,47,375,0,376,0,0,36475,376,36475,0,0,376,177401,376,0
70359232,6506,376,47,375,50606,376,0,50606,36475,376,36475,0,0,376,177401,376,0
70359233,6506,376,47,375,50606,376,0,50606,36475,376,36475,0,0,376,177401,376,0
70359234,6506,376,47,375,50606,376,0,50606,36475,376,36475,0,0,376,177401,376,0
70359235,6506,376,47,375,50606,376,0,50606,36475,376,36475,0,0,376,177401,376,0
70359236,6506,376,47,375,50606,376,0,0,36475,376,36475,0,0,376,177401,376,0
70359237,6506,376,47,375,50606,376,0,0,36475,376,36475,0,0,376,177401,376,0
70359238,6506,376,47,375,50606,376,0,0,36475,376,36475,0,0,376,177401,376,0
70359239,172,376,47,376,50606,36475,0,0,36475,50606,177000,172,0,36475,141302,0,0
70359240,172,376,47,376,0,36475,0,0,36475,50606,177000,172,3,36475,141302,0,0
70359241,0,376,47,376,0,36475,0,0,36475,50606,177000,172,3,36475,141302,0,0
70359242,0,376,47,376,0,36475,0,0,36475,50606,177000,172,3,36475,141302,0,0
70359243,0,376,47,376,0,36475,0,0,36475,50606,177000,172,3,36475,141302,0,0
70359244,0,376,47,376,0,36475,7464,0,36475,50606,177000,172,3,36475,141302,0,0
70359245,0,376,47,376,0,36475,7464,0,36475,50606,177000,172,3,36475,141302,0,0
70359246,0,376,47,376,0,36475,0,0,36475,50606,177000,172,3,36475,141302,0,0
70359247,0,376,47,376,0,36475,0,0,36475,50606,177000,172,3,36475,141302,0,0
70359248,0,376,47,376,0,36475,0,0,36475,50606,177000,172,3,36475,141302,0,0
70359249,0,376,47,376,73600,36475,0,73600,36475,50606,177000,172,3,36475,141302,0,0
70359250,0,376,47,376,73600,36475,0,73600,36475,50606,177000,172,3,36475,141302,0,0
70359251,0,376,47,376,73600,36475,0,73600,36475,50606,177000,172,3,36475,141302,0,0
70359252,0,376,47,376,73600,36475,0,73600,36475,50606,177000,172,3,36475,141302,0,0
70359253,0,376,47,376,73600,36475,0,0,36475,50606,177000,172,3,36475,141302,0,0
70359254,0,376,47,376,73600,36475,0,0,36475,50606,177000,172,3,36475,141302,0,0
70359255,0,376,47,376,73600,36475,0,0,36475,50606,177000,172,3,36475,141302,0,0
70359256,0,376,47,376,73600,73600,0,0,36475,73600,36475,0,3,73600,104177,73600,0
70359257,0,376,47,376,0,73600,0,0,36475,73600,36475,0,4,73600,104177,73600,0
70359258,2001,376,47,376,0,73600,0,0,36475,73600,36475,0,0,73600,104177,73600,0
70359259,16307,376,47,376,0,73600,0,0,36475,73600,36475,0,0,73600,104177,73600,0
70359260,16307,376,47,376,0,73600,0,0,36475,73600,36475,0,0,73600,104177,73600,0
70359261,0,376,47,376,0,73600,14307,0,36475,73600,36475,0,0,73600,104177,73600,0
70359262,6000,376,47,376,0,73600,14307,0,36475,73600,36475,0,0,73600,104177,73600,0
70359263,6000,376,47,376,0,73600,0,0,36475,73600,36475,0,0,73600,104177,73600,0
70359264,6000,376,47,376,0,73600,0,0,36475,73600,36475,0,0,73600,104177,73600,0
70359265,6000,376,47,376,0,73600,0,0,36475,73600,36475,0,0,73600,104177,73600,0
70359266,7422,376,47,376,142200,73600,0,142200,36475,73600,36475,0,0,73600,104177,73600,0
70359267,7422,376,47,376,142200,73600,0,142200,36475,73600,36475,0,0,73600,104177,73600,0
70359268,7422,376,47,376,142200,73600,0,142200,36475,73600,36475,0,0,73600,104177,73600,0
70359269,7422,376,47,376,142200,73600,0,142200,36475,73600,36475,0,0,73600,104177,73600,0
70359270,7422,376,47,376,142200,73600,0,0,36475,73600,36475,0,0,73600,104177,73600,0
70359271,7422,376,47,376,142200,73600,0,0,36475,73600,36475,0,0,73600,104177,73600,0
70359272,7422,376,47,376,142200,73600,0,0,36475,73600,36475,0,0,73600,104177,73600,0
70359273,4331,376,73600,376,176675,36475,0,0,36475,142200,100167,4331,0,36475,141302,0,0
70359274,4331,376,73600,376,36475,36475,0,0,36475,142200,100167,4331,0,36475,141302,0,0
70359275,4335,376,73600,376,36475,36475,0,0,36475,142200,100167,4331,0,36475,141302,0,0
70359276,4335,376,73600,376,376,376,0,0,36475,36475,36475,74335,0,376,177401,0,376
70359277,4335,376,73600,376,376,376,0,0,36475,36475,36475,74335,0,376,177401,0,376
70359278,4336,376,73600,376,376,376,0,0,36475,36475,36475,74335,0,376,177401,0,376
70359279,4336,376,73600,376,73777,73777,0,0,36475,36475,177000,60000,0,73777,104000,0,73600
70359280,4337,376,73600,376,73777,73777,0,0,36475,36475,177000,60000,10,73777,104000,0,73600
70359281,4332,376,73600,376,73777,73777,0,0,36475,36475,177000,60000,10,73777,104000,0,73600
70359282,4332,376,73600,376,0,1,0,0,36475,36475,177567,70350,10,0,177776,1,376
70359283,4332,376,73600,376,0,1,0,0,36475,36475,177567,70350,3,0,177776,1,376
70359284,4334,376,73600,376,0,1,0,0,36475,36475,177567,70350,3,0,177776,1,376
70359285,4334,376,73600,376,0,1,0,0,36475,36475,177567,70350,3,0,177776,1,376
70359286,4334,376,73600,376,0,1,0,0,36475,36475,177567,70350,3,0,177776,1,376
70359287,4334,376,73600,376,0,1,73777,0,36475,36475,177567,70350,3,0,177776,1,376
70359288,4334,376,73600,376,0,1,73777,0,36475,36475,177567,70350,3,0,177776,1,376
70359289,4334,376,73600,376,0,1,0,0,36475,36475,177567,70350,3,0,177776,1,376
70359290,4334,376,73600,376,0,1,0,0,36475,36475,177567,70350,3,0,177776,1,376
70359291,4334,376,73600,376,0,1,0,0,36475,36475,177567,70350,3,0,177776,1,376
70359292,4334,376,73600,376,36475,1,0,36475,36475,36475,177567,70350,3,0,177776,1,376
70359293,4334,376,73600,376,36475,1,0,36475,36475,36475,177567,70350,3,0,177776,1,376
70359294,4334,376,73600,376,36475,1,0,36475,36475,36475,177567,70350,3,0,177776,1,376
70359295,4334,376,73600,376,36475,1,0,36475,36475,36475,177567,70350,3,0,177776,1,376
70359296,4334,376,73600,376,36475,1,0,0,36475,36475,177567,70350,3,0,177776,1,376
70359297,4334,376,73600,376,36475,1,0,0,36475,36475,177567,70350,3,0,177776,1,376
70359298,4334,376,73600,376,36475,1,0,0,36475,36475,177567,70350,3,0,177776,1,376
70359299,4334,376,73600,376,36475,36475,0,0,36475,36475,400,4334,3,36475,141302,36475,0
70359300,4334,376,73600,376,36475,36475,0,0,36475,36475,400,4334,11,36475,141302,36475,0
70359301,4333,376,73600,376,36475,36475,0,0,36475,36475,400,4334,11,36475,141302,36475,0
70359302,4333,376,73600,376,36475,36475,0,0,36475,36475,36475,0,11,36475,141302,36475,0
70359303,4333,376,73600,376,36475,36475,0,0,36475,36475,36475,0,4,36475,141302,36475,0
70359304,377,376,73600,376,36475,36475,0,0,36475,36475,36475,0,4,36475,141302,36475,0
70359305,377,376,73600,376,0,377,0,0,36475,36475,36475,377,4,75,177400,377,0
70359306,377,376,73600,376,0,377,0,0,36475,36475,36475,377,0,75,177400,377,0
70359307,401,376,73600,376,0,377,0,0,36475,36475,36475,377,0,75,177400,377,0
70359308,16310,376,73600,376,0,377,0,0,36475,36475,36475,377,0,75,177400,377,0
70359309,16310,376,73600,376,0,377,0,0,36475,36475,36475,377,0,75,177400,377,0
70359310,0,376,73600,376,0,377,14310,0,36475,36475,36475,377,0,75,177400,377,0
70359311,6000,376,73600,376,0,377,14310,0,36475,36475,36475,377,0,75,177400,377,0
70359312,6000,376,73600,376,0,377,0,0,36475,36475,36475,377,0,75,177400,377,0
70359313,6000,376,73600,376,0,377,0,0,36475,36475,36475,377,0,75,177400,377,0
70359314,6000,376,73600,376,0,377,0,0,36475,36475,36475,377,0,75,177400,377,0
70359315,7710,376,73600,376,171047,377,0,171047,36475,36475,36475,377,0,75,177400,377,0
70359316,7710,376,73600,376,171047,377,0,171047,36475,36475,36475,377,22,75,177400,377,0
70359317,7710,376,73600,376,171047,377,0,171047,36475,36475,36475,377,22,75,177400,377,0
70359318,7710,376,73600,376,171047,377,0,171047,36475,36475,36475,377,22,75,177400,377,0
70359319,7710,376,73600,376,171047,377,0,0,36475,36475,36475,377,22,75,177400,377,0
70359320,7710,376,73600,376,171047,377,0,0,36475,36475,36475,377,22,75,177400,377,0
70359321,7710,376,73600,376,171047,377,0,0,36475,36475,36475,377,22,75,177400,377,0
70359322,0,75,73600,376,171047,47,0,0,36475,171047,177400,0,22,47,177730,47,0
70359323,0,75,73600,376,0,47,0,0,36475,171047,177400,0,4,47,177730,47,0
70359324,2001,75,73600,376,0,47,0,0,36475,171047,177400,0,0,47,177730,47,0
70359325,16311,75,73600,376,0,47,0,0,36475,171047,177400,0,0,47,177730,47,0
70359326,16311,75,73600,376,0,47,0,0,36475,171047,177400,0,0,47,177730,47,0
70359327,0,75,73600,376,0,47,14311,0,36475,171047,177400,0,0,47,177730,47,0
70359328,6000,75,73600,376,0,47,14311,0,36475,171047,177400,0,0,47,177730,47,0
70359329,6000,75,73600,376,0,47,0,0,36475,171047,177400,0,0,47,177730,47,0
70359330,6000,75,73600,376,0,47,0,0,36475,171047,177400,0,0,47,177730,47,0
70359331,6000,75,73600,376,0,47,0,0,36475,171047,177400,0,0,47,177730,47,0
70359332,7420,75,73600,376,142065,47,0,142065,36475,171047,177400,0,0,47,177730,47,0
70359333,7420,75,73600,376,142065,47,0,142065,36475,171047,177400,0,0,47,177730,47,0
70359334,7420,75,73600,376,142065,47,0,142065,36475,171047,177400,0,0,47,177730,47,0
70359335,7420,75,73600,376,142065,47,0,142065,36475,171047,177400,0,0,47,177730,47,0
70359336,7420,75,73600,376,142065,47,0,0,36475,171047,177400,0,0,47,177730,47,0
70359337,7420,75,73600,376,142065,47,0,0,36475,171047,177400,0,0,47,177730,47,0
70359338,7420,75,73600,376,142065,47,0,0,36475,171047,177400,0,0,47,177730,47,0
70359339,215,75,47,376,142065,26,0,0,36475,142065,23400,215,0,26,177751,0,47
70359340,215,75,47,376,0,26,0,0,36475,142065,23400,215,0,26,177751,0,47
70359341,0,75,47,376,0,26,0,0,36475,142065,23400,215,0,26,177751,0,47
70359342,16312,75,47,376,0,26,0,0,36475,142065,23400,215,0,26,177751,0,47
70359343,16312,75,47,376,0,26,0,0,36475,142065,23400,215,0,26,177751,0,47
70359344,0,75,47,376,0,26,0,0,36475,142065,23400,215,0,26,177751,0,47
70359345,0,75,47,376,0,26,0,0,36475,142065,23400,215,0,26,177751,0,47
70359346,0,75,47,376,0,0,0,0,36475,0,13000,0,0,0,177777,0,0
70359347,0,75,47,376,0,0,0,0,36475,0,13000,0,4,0,177777,0,0
70359348,2001,75,47,376,0,0,0,0,36475,0,13000,0,0,0,177777,0,0
70359349,16313,75,47,376,0,0,0,0,36475,0,13000,0,0,0,177777,0,0
70359350,16313,75,47,376,0,0,0,0,36475,0,13000,0,0,0,177777,0,0
70359351,0,75,47,376,0,0,14313,0,36475,0,13000,0,0,0,177777,0,0
70359352,6000,75,47,376,0,0,14313,0,36475,0,13000,0,0,0,177777,0,0
70359353,6000,75,47,376,0,0,0,0,36475,0,13000,0,0,0,177777,0,0
70359354,6000,75,47,376,0,0,0,0,36475,0,13000,0,0,0,177777,0,0
70359355,6000,75,47,376,0,0,0,0,36475,0,13000,0,0,0,177777,0,0
70359356,7465,75,47,376,146575,0,0,146575,36475,0,13000,0,0,0,177777,0,0
70359357,7465,75,47,376,146575,0,0,146575,36475,0,13000,0,0,0,177777,0,0
70359358,7465,75,47,376,146575,0,0,146575,36475,0,13000,0,0,0,177777,0,0
70359359,7465,75,47,376,146575,0,0,146575,36475,0,13000,0,0,0,177777,0,0
70359360,7465,75,47,376,146575,0,0,0,36475,0,13000,0,0,0,177777,0,0
70359361,7465,75,47,376,146575,0,0,0,36475,0,13000,0,0,0,177777,0,0
70359362,7465,75,47,376,146575,0,0,0,36475,0,13000,0,0,0,177777,0,0
70359363,145,75,47,376,146575,377,0,0,36475,146575,0,145,0,377,177400,0,376
70359364,145,75,47,376,0,377,0,0,36475,146575,0,145,0,377,177400,0,376
70359365,0,75,47,376,0,377,0,0,36475,146575,0,145,0,377,177400,0,376
70359366,16314,75,47,376,0,377,0,0,36475,146575,0,145,0,377,177400,0,376
70359367,16314,75,47,376,0,377,0,0,36475,146575,0,145,0,377,177400,0,376
70359368,0,75,47,376,0,377,14314,0,36475,146575,0,145,0,377,177400,0,376
70359369,6000,75,47,376,0,377,14314,0,36475,146575,0,145,0,377,177400,0,376
70359370,6000,75,47,376,0,377,0,0,36475,146575,0,145,0,377,177400,0,376
70359371,6000,75,47,376,0,377,0,0,36475,146575,0,145,0,377,177400,0,376
70359372,6000,75,47,376,0,377,0,0,36475,146575,0,145,0,377,177400,0,376
70359373,6046,75,47,376,4611,377,0,4611,36475,146575,0,145,0,377,177400,0,376
70359374,6046,75,47,376,4611,377,0,4611,36475,146575,0,145,0,377,177400,0,376
70359375,6046,75,47,376,4611,377,0,4611,36475,146575,0,145,0,377,177400,0,376
70359376,6046,75,47,376,4611,377,0,4611,36475,146575,0,145,0,377,177400,0,376
70359377,6046,75,47,376,4611,377,0,0,36475,146575,0,145,0,377,177400,0,376
70359378,6046,75,47,376,4611,377,0,0,36475,146575,0,145,0,377,177400,0,376
70359379,6046,75,47,376,4611,377,0,0,36475,146575,0,145,0,377,177400,0,376
70359380,145,377,47,376,4777,377,0,0,36475,146575,177400,50145,0,377,177400,0,377
70359381,145,377,47,376,377,377,0,0,36475,146575,177400,50145,0,377,177400,0,377
70359382,0,377,47,376,377,377,0,0,36475,146575,177400,50145,0,377,177400,0,377
70359383,0,377,47,376,377,377,0,0,36475,146575,177400,50145,0,377,177400,0,377
70359384,0,377,47,376,377,377,0,0,36475,146575,177400,50145,0,377,177400,0,377
70359385,0,377,47,376,377,377,7467,0,36475,146575,177400,50145,0,377,177400,0,377
70359386,0,377,47,376,377,377,7467,0,36475,146575,177400,50145,0,377,177400,0,377
70359387,0,377,47,376,377,377,0,0,36475,146575,177400,50145,0,377,177400,0,377
70359388,0,377,47,376,377,377,377,0,36475,146575,177400,50145,0,377,177400,0,377
70359389,0,377,47,376,0,0,377,0,36475,377,177400,0,0,0,177777,0,0
70359390,0,377,47,376,0,0,377,0,36475,377,177400,0,4,0,177777,0,0
70359391,2001,377,47,376,0,0,377,0,36475,377,177400,0,0,0,177777,0,0
70359392,16315,377,47,376,0,0,377,0,36475,377,177400,0,0,0,177777,0,0
70359393,16315,377,47,376,0,0,377,0,36475,377,177400,0,0,0,177777,0,0
70359394,0,377,47,376,0,0,377,0,36475,377,177400,0,0,0,177777,0,0
70359395,0,377,47,376,0,0,0,0,36475,377,177400,0,0,0,177777,0,0
70359396,0,377,47,376,0,0,14315,0,36475,377,177400,0,0,0,177777,0,0
70359397,6000,377,47,376,0,0,14315,0,36475,377,177400,0,0,0,177777,0,0
70359398,6000,377,47,376,0,0,0,0,36475,377,177400,0,0,0,177777,0,0
70359399,6000,377,47,376,0,0,0,0,36475,377,177400,0,0,0,177777,0,0
70359400,6000,377,47,376,0,0,0,0,36475,377,177400,0,0,0,177777,0,0
70359401,7243,377,47,376,124370,0,0,124370,36475,377,177400,0,0,0,177777,0,0
70359402,7243,377,47,376,124370,0,0,124370,36475,377,177400,0,34,0,177777,0,0
70359403,7243,377,47,376,124370,0,0,124370,36475,377,177400,0,34,0,177777,0,0
70359404,7243,377,47,376,124370,0,0,124370,36475,377,177400,0,34,0,177777,0,0
70359405,7243,377,47,376,124370,0,0,0,36475,377,177400,0,34,0,177777,0,0
70359406,7243,377,47,376,124370,0,0,0,36475,377,177400,0,34,0,177777,0,0
70359407,7243,377,47,376,124370,0,0,0,36475,377,177400,0,34,0,177777,0,0
70359408,0,377,47,376,124370,0,0,0,36475,124370,0,0,34,36475,177777,0,0
70359409,0,377,47,376,0,0,0,0,36475,124370,0,0,4,36475,177777,0,0
70359410,2001,377,47,376,0,0,0,0,36475,124370,0,0,0,36475,177777,0,0
70359411,16305,377,47,376,0,0,0,0,36475,124370,0,0,0,36475,177777,0,0
70359412,16305,377,47,376,0,0,0,0,36475,124370,0,0,0,36475,177777,0,0
70359413,0,377,47,376,0,0,14305,0,36475,124370,0,0,0,36475,177777,0,0
70359414,6000,377,47,376,0,0,14305,0,36475,124370,0,0,0,36475,177777,0,0
70359415,6000,377,47,376,0,0,0,0,36475,124370,0,0,0,36475,177777,0,0
70359416,6000,377,47,376,0,0,0,0,36475,124370,0,0,0,36475,177777,0,0
70359417,6000,377,47,376,0,0,0,0,36475,124370,0,0,0,36475,177777,0,0
70359418,6546,377,47,376,54611,0,0,54611,36475,124370,0,0,0,36475,177777,0,0
70359419,6546,377,47,376,54611,0,0,54611,36475,124370,0,0,0,36475,177777,0,0
70359420,6546,377,47,376,54611,0,0,54611,36475,124370,0,0,0,36475,177777,0,0
70359421,6546,377,47,376,54611,0,0,54611,36475,124370,0,0,0,36475,177777,0,0
70359422,6546,377,47,376,54611,0,0,0,36475,124370,0,0,0,36475,177777,0,0
70359423,6546,377,47,376,54611,0,0,0,36475,124370,0,0,0,36475,177777,0,0
70359424,6546,377,47,376,54611,0,0,0,36475,124370,0,0,0,36475,177777,0,0
70359425,174,377,47,376,54611,36475,0,0,36475,54611,0,174,0,36475,141302,0,0
70359426,174,377,47,376,0,36475,0,0,36475,54611,0,174,3,36475,141302,0,0
70359427,0,377,47,376,0,36475,0,0,36475,54611,0,174,3,36475,141302,0,0
70359428,0,377,47,376,0,36475,0,0,36475,54611,0,174,3,36475,141302,0,0
70359429,0,377,47,376,0,36475,0,0,36475,54611,0,174,3,36475,141302,0,0
70359430,0,377,47,376,0,36475,7467,0,36475,54611,0,174,3,36475,141302,0,0
70359431,0,377,47,376,0,36475,7467,0,36475,54611,0,174,3,36475,141302,0,0
70359432,0,377,47,376,0,36475,0,0,36475,54611,0,174,3,36475,141302,0,0
70359433,0,377,47,376,0,36475,0,0,36475,54611,0,174,3,36475,141302,0,0
70359434,0,377,47,376,0,36475,0,0,36475,54611,0,174,3,36475,141302,0,0
70359435,0,377,47,376,377,36475,0,377,36475,54611,0,174,3,36475,141302,0,0
70359436,0,377,47,376,377,36475,0,377,36475,54611,0,174,3,36475,141302,0,0
70359437,0,377,47,376,377,36475,0,377,36475,54611,0,174,3,36475,141302,0,0
70359438,0,377,47,376,377,36475,0,377,36475,54611,0,174,3,36475,141302,0,0
70359439,0,377,47,376,377,36475,0,0,36475,54611,0,174,3,36475,141302,0,0
70359440,0,377,47,376,377,36475,0,0,36475,54611,0,174,3,36475,141302,0,0
70359441,0,377,47,376,377,36475,0,0,36475,54611,0,174,3,36475,141302,0,0
70359442,0,377,47,376,377,377,0,0,36475,377,36475,0,3,377,177400,377,0
70359443,0,377,47,376,0,377,0,0,36475,377,36475,0,4,377,177400,377,0
70359444,2001,377,47,376,0,377,0,0,36475,377,36475,0,0,377,177400,377,0
70359445,16306,377,47,376,0,377,0,0,36475,377,36475,0,0,377,177400,377,0
70359446,16306,377,47,376,0,377,0,0,36475,377,36475,0,0,377,177400,377,0
70359447,0,377,47,376,0,377,14306,0,36475,377,36475,0,0,377,177400,377,0
70359448,6000,377,47,376,0,377,14306,0,36475,377,36475,0,0,377,177400,377,0
70359449,6000,377,47,376,0,377,0,0,36475,377,36475,0,0,377,177400,377,0
70359450,6000,377,47,376,0,377,0,0,36475,377,36475,0,0,377,177400,377,0
70359451,6000,377,47,376,0,377,0,0,36475,377,36475,0,0,377,177400,377,0
70359452,6506,377,47,376,50606,377,0,50606,36475,377,36475,0,0,377,177400,377,0
70359453,6506,377,47,376,50606,377,0,50606,36475,377,36475,0,0,377,177400,377,0
70359454,6506,377,47,376,50606,377,0,50606,36475,377,36475,0,0,377,177400,377,0
70359455,6506,377,47,376,50606,377,0,50606,36475,377,36475,0,0,377,177400,377,0
70359456,6506,377,47,376,50606,377,0,0,36475,377,36475,0,0,377,177400,377,0
70359457,6506,377,47,376,50606,377,0,0,36475,377,36475,0,0,377,177400,377,0
70359458,6506,377,47,376,50606,377,0,0,36475,377,36475,0,0,377,177400,377,0
70359459,172,377,47,377,50606,36475,0,0,36475,50606,177400,172,0,36475,141302,0,0
70359460,172,377,47,377,0,36475,0,0,36475,50606,177400,172,3,36475,141302,0,0
70359461,0,377,47,377,0,36475,0,0,36475,50606,177400,172,3,36475,141302,0,0
70359462,0,377,47,377,0,36475,0,0,36475,50606,177400,172,3,36475,141302,0,0
70359463,0,377,47,377,0,36475,0,0,36475,50606,177400,172,3,36475,141302,0,0
70359464,0,377,47,377,0,36475,7464,0,36475,50606,177400,172,3,36475,141302,0,0
70359465,0,377,47,377,0,36475,7464,0,36475,50606,177400,172,3,36475,141302,0,0
70359466,0,377,47,377,0,36475,0,0,36475,50606,177400,172,3,36475,141302,0,0
70359467,0,377,47,377,0,36475,0,0,36475,50606,177400,172,3,36475,141302,0,0
70359468,0,377,47,377,0,36475,0,0,36475,50606,177400,172,3,36475,141302,0,0
70359469,0,377,47,377,73600,36475,0,73600,36475,50606,177400,172,3,36475,141302,0,0
70359470,0,377,47,377,73600,36475,0,73600,36475,50606,177400,172,3,36475,141302,0,0
70359471,0,377,47,377,73600,36475,0,73600,36475,50606,177400,172,3,36475,141302,0,0
70359472,0,377,47,377,73600,36475,0,73600,36475,50606,177400,172,3,36475,141302,0,0
70359473,0,377,47,377,73600,36475,0,0,36475,50606,177400,172,3,36475,141302,0,0
70359474,0,377,47,377,73600,36475,0,0,36475,50606,177400,172,3,36475,141302,0,0
70359475,0,377,47,377,73600,36475,0,0,36475,50606,177400,172,3,36475,141302,0,0
70359476,0,377,47,377,73600,73600,0,0,36475,73600,36475,0,3,73600,104177,73600,0
70359477,0,377,47,377,0,73600,0,0,36475,73600,36475,0,4,73600,104177,73600,0
70359478,2001,377,47,377,0,73600,0,0,36475,73600,36475,0,0,73600,104177,73600,0
70359479,16307,377,47,377,0,73600,0,0,36475,73600,36475,0,0,73600,104177,73600,0
70359480,16307,377,47,377,0,73600,0,0,36475,73600,36475,0,0,73600,104177,73600,0
70359481,0,377,47,377,0,73600,14307,0,36475,73600,36475,0,0,73600,104177,73600,0
70359482,6000,377,47,377,0,73600,14307,0,36475,73600,36475,0,0,73600,104177,73600,0
70359483,6000,377,47,377,0,73600,0,0,36475,73600,36475,0,0,73600,104177,73600,0
70359484,6000,377,47,377,0,73600,0,0,36475,73600,36475,0,0,73600,104177,73600,0
70359485,6000,377,47,377,0,73600,0,0,36475,73600,36475,0,0,73600,104177,73600,0
70359486,7422,377,47,377,142200,73600,0,142200,36475,73600,36475,0,0,73600,104177,73600,0
70359487,7422,377,47,377,142200,73600,0,142200,36475,73600,36475,0,0,73600,104177,73600,0
70359488,7422,377,47,377,142200,73600,0,142200,36475,73600,36475,0,0,73600,104177,73600,0
70359489,7422,377,47,377,142200,73600,0,142200,36475,73600,36475,0,0,73600,104177,73600,0
70359490,7422,377,47,377,142200,73600,0,0,36475,73600,36475,0,0,73600,104177,73600,0
70359491,7422,377,47,377,142200,73600,0,0,36475,73600,36475,0,0,73600,104177,73600,0
70359492,7422,377,47,377,142200,73600,0,0,36475,73600,36475,0,0,73600,104177,73600,0
70359493,4331,377,73600,377,176675,36475,0,0,36475,142200,100167,4331,0,36475,141302,0,0
# MARK fail tick=70359493
70359494,4331,377,73600,377,36475,36475,0,0,36475,142200,100167,4331,0,36475,141302,0,0
70359495,4335,377,73600,377,36475,36475,0,0,36475,142200,100167,4331,0,36475,141302,0,0
70359496,4335,377,73600,377,377,377,0,0,36475,36475,36475,74335,0,377,177400,0,377
70359497,4335,377,73600,377,377,377,0,0,36475,36475,36475,74335,0,377,177400,0,377
70359498,4336,377,73600,377,377,377,0,0,36475,36475,36475,74335,0,377,177400,0,377
70359499,4336,377,73600,377,73777,73777,0,0,36475,36475,177400,60000,0,73777,104000,0,73600
70359500,4337,377,73600,377,73777,73777,0,0,36475,36475,177400,60000,10,73777,104000,0,73600
70359501,4332,377,73600,377,73777,73777,0,0,36475,36475,177400,60000,10,73777,104000,0,73600
70359502,4332,377,73600,377,0,1,0,0,36475,36475,177567,70350,10,1,177776,1,377
70359503,4332,377,73600,377,0,1,0,0,36475,36475,177567,70350,3,1,177776,1,377
70359504,4333,377,73600,377,0,1,0,0,36475,36475,177567,70350,3,1,177776,1,377
70359505,4333,377,73600,377,0,1,0,0,36475,36475,177567,70350,3,1,177776,1,377
70359506,4333,377,73600,377,0,1,0,0,36475,36475,177567,70350,3,1,177776,1,377
70359507,4333,377,73600,377,0,1,73777,0,36475,36475,177567,70350,3,1,177776,1,377
70359508,4333,377,73600,377,0,1,73777,0,36475,36475,177567,70350,3,1,177776,1,377
70359509,4333,377,73600,377,0,1,0,0,36475,36475,177567,70350,3,1,177776,1,377
70359510,4333,377,73600,377,0,1,0,0,36475,36475,177567,70350,3,1,177776,1,377
70359511,4333,377,73600,377,0,1,0,0,36475,36475,177567,70350,3,1,177776,1,377
70359512,4333,377,73600,377,36475,1,0,36475,36475,36475,177567,70350,3,1,177776,1,377
70359513,4333,377,73600,377,36475,1,0,36475,36475,36475,177567,70350,3,1,177776,1,377
70359514,4333,377,73600,377,36475,1,0,36475,36475,36475,177567,70350,3,1,177776,1,377
70359515,4333,377,73600,377,36475,1,0,36475,36475,36475,177567,70350,3,1,177776,1,377
70359516,4333,377,73600,377,36475,1,0,0,36475,36475,177567,70350,3,1,177776,1,377
70359517,4333,377,73600,377,36475,1,0,0,36475,36475,177567,70350,3,1,177776,1,377
70359518,4333,377,73600,377,36475,1,0,0,36475,36475,177567,70350,3,1,177776,1,377
70359519,4333,377,73600,377,36475,36475,0,0,36475,36475,400,4334,3,36475,141302,36475,0
70359520,4334,377,73600,377,36475,36475,0,0,36475,36475,400,4334,4,36475,141302,36475,0
# MARK fail tick=70359520
70359521,377,377,73600,377,36475,36475,0,0,36475,36475,400,4334,4,36475,141302,36475,0
70359522,377,377,73600,377,0,377,0,0,36475,36475,36475,377,4,75,177400,377,0
70359523,377,377,73600,377,0,377,0,0,36475,36475,36475,377,0,75,177400,377,0
70359524,401,377,73600,377,0,377,0,0,36475,36475,36475,377,0,75,177400,377,0
70359525,16310,377,73600,377,0,377,0,0,36475,36475,36475,377,0,75,177400,377,0
70359526,16310,377,73600,377,0,377,0,0,36475,36475,36475,377,0,75,177400,377,0
70359527,0,377,73600,377,0,377,14310,0,36475,36475,36475,377,0,75,177400,377,0
70359528,6000,377,73600,377,0,377,14310,0,36475,36475,36475,377,0,75,177400,377,0
70359529,6000,377,73600,377,0,377,0,0,36475,36475,36475,377,0,75,177400,377,0
70359530,6000,377,73600,377,0,377,0,0,36475,36475,36475,377,0,75,177400,377,0
70359531,6000,377,73600,377,0,377,0,0,36475,36475,36475,377,0,75,177400,377,0
70359532,7710,377,73600,377,171047,377,0,171047,36475,36475,36475,377,0,75,177400,377,0
70359533,7710,377,73600,377,171047,377,0,171047,36475,36475,36475,377,22,75,177400,377,0
70359534,7710,377,73600,377,171047,377,0,171047,36475,36475,36475,377,22,75,177400,377,0
70359535,7710,377,73600,377,171047,377,0,171047,36475,36475,36475,377,22,75,177400,377,0
70359536,7710,377,73600,377,171047,377,0,0,36475,36475,36475,377,22,75,177400,377,0
70359537,7710,377,73600,377,171047,377,0,0,36475,36475,36475,377,22,75,177400,377,0
70359538,7710,377,73600,377,171047,377,0,0,36475,36475,36475,377,22,75,177400,377,0
70359539,0,75,73600,377,171047,47,0,0,36475,171047,177400,0,22,47,177730,47,0
70359540,0,75,73600,377,0,47,0,0,36475,171047,177400,0,4,47,177730,47,0
70359541,2001,75,73600,377,0,47,0,0,36475,171047,177400,0,0,47,177730,47,0
70359542,16311,75,73600,377,0,47,0,0,36475,171047,177400,0,0,47,177730,47,0
70359543,16311,75,73600,377,0,47,0,0,36475,171047,177400,0,0,47,177730,47,0
70359544,0,75,73600,377,0,47,0,0,36475,171047,177400,0,0,47,177730,47,0
70359545,0,75,73600,377,0,47,0,0,36475,171047,177400,0,0,47,177730,47,0
70359546,0,75,73600,377,0,47,0,0,36475,171047,177400,0,0,47,177730,47,0
70359547,0,75,73600,377,0,47,0,0,36475,171047,177400,0,0,47,177730,47,0
70359548,0,75,73600,377,0,47,0,0,36475,171047,177400,0,0,47,177730,47,0
70359549,0,75,73600,377,0,47,0,0,36475,171047,177400,0,0,47,177730,47,0
70359550,0,75,73600,377,0,47,0,0,36475,171047,177400,0,0,47,177730,47,0
70359551,0,75,73600,377,0,47,14311,0,36475,171047,177400,0,0,47,177730,47,0
70359552,6000,75,73600,377,0,47,14311,0,36475,171047,177400,0,0,47,177730,47,0
70359553,6000,75,73600,377,0,47,0,0,36475,171047,177400,0,0,47,177730,47,0
70359554,6000,75,73600,377,0,47,0,0,36475,171047,177400,0,0,47,177730,47,0
70359555,6000,75,73600,377,0,47,0,0,36475,171047,177400,0,0,47,177730,47,0
70359556,7420,75,73600,377,142065,47,0,142065,36475,171047,177400,0,0,47,177730,47,0
70359557,7420,75,73600,377,142065,47,0,142065,36475,171047,177400,0,0,47,177730,47,0
70359558,7420,75,73600,377,142065,47,0,142065,36475,171047,177400,0,0,47,177730,47,0
70359559,7420,75,73600,377,142065,47,0,142065,36475,171047,177400,0,0,47,177730,47,0
70359560,7420,75,73600,377,142065,47,0,0,36475,171047,177400,0,0,47,177730,47,0
71058560,1104,177777,0,15,16,16,0,0,0,151000,40,110350,0,177777,177761,16,15
71058561,1104,177777,0,15,20000,0,0,0,0,151000,7000,171122,0,0,177777,0,20001
71058562,1105,177777,0,15,20000,0,0,0,0,151000,7000,171122,10,0,177777,0,20001
71058563,1105,177777,0,15,0,0,0,0,0,151000,7000,171122,10,0,177777,0,20001
71058564,1105,177777,0,15,12,12,0,0,0,151000,0,110330,10,3,177765,12,15
71058565,1106,177777,0,15,12,12,0,0,0,151000,0,110330,0,3,177765,12,15
71058566,1106,177777,0,15,12,12,0,0,0,151000,0,110330,0,3,177765,12,15
71058567,1106,177777,0,15,3,3,0,0,3,151000,5000,1112,0,3,177774,0,0
71058568,1107,177777,0,15,3,3,0,0,3,151000,5000,1112,10,3,177774,0,0
71058569,1107,177777,0,15,3,3,0,0,3,151000,5000,1112,10,3,177774,0,0
71058570,1107,177777,0,15,4,4,0,0,3,151000,1400,330,10,177777,177773,4,0
71058571,1110,177777,0,15,4,4,0,0,3,151000,1400,330,1,177777,177773,4,0
71058572,1111,177777,0,15,4,4,0,0,3,151000,1400,330,1,177777,177773,4,0
71058573,1111,177777,0,15,10,10,0,0,3,151000,2000,1111,1,10,177767,10,1147
71058574,1111,177777,0,15,10,10,0,0,3,151000,2000,1111,0,10,177767,10,1147
71058575,1112,177777,0,15,10,10,0,0,3,151000,2000,1111,0,10,177767,10,1147
71058576,1112,177777,0,15,10,10,0,0,10,151000,4000,20000,0,10,177767,0,2407
71058577,1113,177777,0,15,10,10,0,0,10,151000,4000,20000,0,10,177767,0,2407
71058578,1113,177777,0,15,10,10,0,0,10,151000,4000,20000,0,10,177767,0,2407
71058579,1113,177777,0,15,10,10,0,0,10,151000,4000,20000,0,10,177767,0,2407
71058580,1113,177777,0,15,10,10,0,0,10,151000,4000,20000,0,10,177767,0,2407
71058581,1113,177777,0,15,10,10,0,0,10,151000,4000,20000,0,10,177767,0,2407
71058582,1113,177777,0,15,10,10,0,0,10,151000,4000,20000,0,10,177767,0,2407
71058583,1113,177777,0,15,10,10,0,0,10,151000,4000,20000,0,10,177767,0,2407
71058584,1113,177777,0,15,10,10,0,0,10,151000,4000,0,0,10,177767,0,0
71058585,1114,177777,0,15,10,10,0,0,10,151000,4000,0,10,10,177767,0,0
71058586,1114,177777,0,15,10,10,0,0,10,151000,4000,0,10,10,177767,0,0
71058587,1114,177777,0,15,10,10,0,0,10,151000,4000,110050,10,25,177767,10,15
71058588,1115,177777,0,15,10,10,0,0,10,151000,4000,110050,5,25,177767,10,15
71058589,1115,177777,0,15,10,10,0,0,10,151000,4000,110050,5,25,177767,10,15
71058590,1115,177777,0,15,10,10,0,0,10,151000,4000,110050,5,25,177767,10,15
71058591,1115,177777,0,15,10,10,0,0,10,151000,4000,110050,5,25,177767,10,15
71058592,1115,177777,0,15,10,10,0,0,10,151000,4000,110050,5,25,177767,10,15
71058593,1115,177777,0,15,10,10,0,0,10,151000,4000,110050,5,25,177767,10,15
71058594,1115,177777,0,15,10,10,0,0,10,151000,4000,110050,5,25,177767,10,15
71058595,1115,177777,0,15,0,0,0,0,10,151000,4000,170000,5,0,177777,0,20001
71058596,1116,177777,0,15,0,0,0,0,10,151000,4000,170000,6,0,177777,0,20001
71058597,1116,177777,0,15,0,0,0,0,10,151000,4000,170000,6,0,177777,0,20001
71058598,1116,177777,0,15,116400,116400,0,0,0,151000,0,324,6,116400,61377,116400,0
71058599,1076,177777,0,15,116400,116400,0,0,0,151000,0,324,5,116400,61377,116400,0
71058600,1117,177777,0,15,116400,116400,0,0,0,151000,0,324,5,116400,61377,116400,0
71058601,1117,177777,0,15,60001,60001,0,0,0,151000,235,170300,5,0,117776,60001,20001
71058602,1120,177777,0,15,60001,60001,0,0,0,151000,235,170300,4,0,117776,60001,20001
71058603,1120,177777,0,15,60001,60001,0,0,0,151000,235,170300,4,0,117776,60001,20001
71058604,1120,177777,0,15,100013,100013,0,0,0,151000,540,100013,4,100013,77764,100013,77770
71058605,1121,177777,0,15,100013,100013,0,0,0,151000,540,100013,0,100013,77764,100013,77770
71058606,1120,177777,0,15,100013,100013,0,0,0,151000,540,100013,0,100013,77764,100013,77770
71058607,1120,177777,0,15,0,0,0,0,100013,151000,5600,0,0,0,177777,0,0
71058608,1120,177777,0,15,0,0,0,0,100013,151000,5600,0,0,0,177777,0,0
71058609,1120,177777,0,15,0,0,0,0,100013,151000,5600,0,0,0,177777,0,0
71058610,1120,177777,0,15,1,1,0,0,26,151000,0,0,0,1,177776,0,0
71058611,1120,177777,0,15,1,1,0,0,26,151000,0,0,0,1,177776,0,0
71058612,1120,177777,0,15,1,1,0,0,26,151000,0,0,0,1,177776,0,0
71058613,1120,177777,0,15,2,2,0,0,54,151000,400,0,0,2,177775,0,0
71058614,1120,177777,0,15,2,2,0,0,54,151000,400,0,0,2,177775,0,0
71058615,1120,177777,0,15,2,2,0,0,54,151000,400,0,0,2,177775,0,0
71058616,1120,177777,0,15,4,4,0,0,130,151000,1000,0,0,4,177773,0,0
71058617,1120,177777,0,15,4,4,0,0,130,151000,1000,0,0,4,177773,0,0
71058618,1120,177777,0,15,4,4,0,0,130,151000,1000,0,0,4,177773,0,0
71058619,1120,177777,0,15,10,10,0,0,260,151000,2000,0,0,10,177767,0,0
71058620,1120,177777,0,15,10,10,0,0,260,151000,2000,0,0,10,177767,0,0
71058621,1120,177777,0,15,10,10,0,0,260,151000,2000,0,0,10,177767,0,0
71058622,1120,177777,0,15,20,20,0,0,540,151000,4000,0,0,20,177757,0,0
71058623,1120,177777,0,15,20,20,0,0,540,151000,4000,0,0,20,177757,0,0
71058624,1120,177777,0,15,20,20,0,0,540,151000,4000,0,0,20,177757,0,0
71058625,1120,177777,0,15,40,40,0,0,1300,151000,10000,0,0,40,177737,0,0
71058626,1120,177777,0,15,40,40,0,0,1300,151000,10000,0,0,40,177737,0,0
71058627,1120,177777,0,15,40,40,0,0,1300,151000,10000,0,0,40,177737,0,0
71058628,1120,177777,0,15,100,100,0,0,2600,151000,20000,0,0,100,177677,0,0
71058629,1120,177777,0,15,100,100,0,0,2600,151000,20000,0,0,100,177677,0,0
71058630,1120,177777,0,15,100,100,0,0,2600,151000,20000,0,0,100,177677,0,0
71058631,1120,177777,0,15,200,200,0,0,5400,151000,40000,0,0,200,177577,0,0
71058632,1120,177777,0,15,200,200,0,0,5400,151000,40000,0,0,200,177577,0,0
71058633,1120,177777,0,15,200,200,0,0,5400,151000,40000,0,0,200,177577,0,0
71058634,1120,177777,0,15,400,400,0,0,13000,151000,100000,0,0,400,177377,0,0
71058635,1120,177777,0,15,400,400,0,0,13000,151000,100000,0,0,400,177377,0,0
71058636,1120,177777,0,15,400,400,0,0,13000,151000,100000,0,0,400,177377,0,0
71058637,1120,177777,0,15,1000,1000,0,0,26000,151000,1,0,0,1000,176777,0,0
71058638,1120,177777,0,15,1000,1000,0,0,26000,151000,1,0,0,1000,176777,0,0
71058639,1120,177777,0,15,1000,1000,0,0,26000,151000,1,0,0,1000,176777,0,0
71058640,1120,177777,0,15,2000,2000,0,0,54000,151000,2,0,0,2000,175777,0,0
71058641,1120,177777,0,15,2000,2000,0,0,54000,151000,2,0,0,2000,175777,0,0
71058642,1120,177777,0,15,2000,2000,0,0,54000,151000,2,0,0,2000,175777,0,0
71058643,1120,177777,0,15,4000,4000,0,0,130000,151000,4,0,0,4000,173777,0,0
71058644,1120,177777,0,15,4000,4000,0,0,130000,151000,4,0,0,4000,173777,0,0
71058645,1121,177777,0,15,4000,4000,0,0,130000,151000,4,0,0,4000,173777,0,0
71058646,1121,177777,0,15,10001,10001,0,0,60000,151000,10,0,0,10001,167776,0,0
71058647,1122,177777,0,15,10001,10001,0,0,60000,151000,10,0,10,10001,167776,0,0
71058648,1133,177777,0,15,10001,10001,0,0,60000,151000,10,0,10,10001,167776,0,0
71058649,1133,177777,0,15,0,0,0,0,140000,151000,420,1133,10,0,177777,0,0
71058650,1133,177777,0,15,0,0,0,0,140000,151000,420,1133,0,0,177777,0,0
71058651,1134,177777,0,15,0,0,0,0,140000,151000,420,1133,0,0,177777,0,0
71058652,1134,177777,0,15,0,0,0,0,0,151000,0,350,0,0,177777,0,0
71058653,1135,177777,0,15,0,0,0,0,0,151000,0,350,11,0,177777,0,0
71058654,1140,177777,0,15,0,0,0,0,0,151000,0,350,11,0,177777,0,0
71058655,1140,177777,0,15,0,0,0,0,0,151000,0,1140,11,0,177777,0,0
71058656,1140,177777,0,15,0,0,0,0,0,151000,0,1140,1,0,177777,0,0
71058657,1141,177777,0,15,0,0,0,0,0,151000,0,1140,1,0,177777,0,0
71058658,1141,177777,0,15,20000,20000,0,0,0,151000,0,0,1,20000,157777,20000,0
71058659,1142,177777,0,15,20000,20000,0,0,0,151000,0,0,1,20000,157777,20000,0
71058660,1142,177777,0,15,20000,20000,0,0,0,151000,0,0,1,20000,157777,20000,0
71058661,1142,177777,0,15,1,1,0,0,20000,151000,40,344,1,0,177776,1,0
71058662,1143,177777,0,15,1,1,0,0,20000,151000,40,344,4,0,177776,1,0
71058663,1143,177777,0,15,1,1,0,0,20000,151000,40,344,4,0,177776,1,0
71058664,1143,177777,0,15,140000,140000,0,0,20000,151000,400,140000,4,0,37777,140000,20000
71058665,1144,177777,0,15,140000,140000,0,0,20000,151000,400,140000,1,0,37777,140000,20000
71058666,1144,177777,0,15,140000,140000,0,0,20000,151000,400,140000,1,0,37777,140000,20000
71058667,1144,177777,0,15,1,1,0,0,20000,151000,300,160,1,1,177776,1,0
71058668,1145,177777,0,15,1,1,0,0,20000,151000,300,160,14,1,177776,1,0
71058669,1145,177777,0,15,1,1,0,0,20000,151000,300,160,14,1,177776,1,0
71058670,1145,177777,0,15,150,150,0,0,1,151000,400,1146,14,150,177627,150,0
71058671,1146,177777,0,15,150,150,0,0,1,151000,400,1146,0,150,177627,150,0
71058672,1146,177777,0,15,150,150,0,0,1,151000,400,1146,0,150,177627,150,0
71058673,1146,177777,0,15,150,150,0,0,1,151000,64000,170000,0,150,177627,0,20001
71058674,1147,177777,0,15,150,150,0,0,1,151000,64000,170000,5,150,177627,0,20001
71058675,1147,177777,0,15,150,150,0,0,1,151000,64000,170000,5,150,177627,0,20001
71058676,1147,177777,0,15,20001,20001,0,0,1,151000,64000,140000,5,20001,157776,20001,20000
71058677,1150,177777,0,15,20001,20001,0,0,1,151000,64000,140000,4,20001,157776,20001,20000
71058678,1150,177777,0,15,20001,20001,0,0,1,151000,64000,140000,4,20001,157776,20001,20000
71058679,1150,177777,0,15,7,7,0,0,1,151000,440,7,4,1,177770,7,0
71058680,1151,177777,0,15,7,7,0,0,1,151000,440,7,6,1,177770,7,0
71058681,1151,177777,0,15,7,7,0,0,1,151000,440,7,6,1,177770,7,0
71058682,1151,177777,0,15,116400,116400,0,0,1,151000,3400,20,6,116400,61377,116400,0
71058683,1152,177777,0,15,116400,116400,0,0,1,151000,3400,20,0,116400,61377,116400,0
71058684,1151,177777,0,15,116400,116400,0,0,1,151000,3400,20,0,116400,61377,116400,0
71058685,1151,177777,0,15,15,15,0,0,1,151000,235,0,0,15,177762,0,150
71058686,1151,177777,0,15,15,15,0,0,1,151000,235,0,0,15,177762,0,150
71058687,1151,177777,0,15,15,15,0,0,1,151000,235,0,0,15,177762,0,150
71058688,1151,177777,0,15,15,15,0,0,15,151000,6400,0,0,15,177762,0,150
71058689,1151,177777,0,15,15,15,0,0,15,151000,6400,0,0,15,177762,0,150
71058690,1151,177777,0,15,15,15,0,0,15,151000,6400,0,0,15,177762,0,150
71058691,1151,177777,0,15,0,0,0,0,15,151000,6400,0,0,0,177777,0,150
71058692,1151,177777,0,15,0,0,0,0,15,151000,6400,0,0,0,177777,0,150
71058693,1151,177777,0,15,0,0,0,0,15,151000,6400,0,0,0,177777,0,150
71058694,1151,177777,0,15,177777,177777,0,0,0,151000,0,0,0,177777,0,0,150
71058695,1151,177777,0,15,177777,177777,0,0,0,151000,0,0,0,177777,0,0,150
71058696,1151,177777,0,15,177777,177777,0,0,0,151000,0,0,0,177777,0,0,150
71058697,1151,177777,0,15,2454,2454,0,0,177777,151000,177777,0,0,2454,175323,0,150
71058698,1151,177777,0,15,2454,2454,0,0,177777,151000,177777,0,0,2454,175323,0,150
71058699,1151,177777,0,15,2454,2454,0,0,177777,151000,177777,0,0,2454,175323,0,150
71058700,1151,177777,0,15,1147,1147,0,0,2454,151000,26005,0,0,1147,176630,0,150
71058701,1151,177777,0,15,1147,1147,0,0,2454,151000,26005,0,0,1147,176630,0,150
71058702,1151,177777,0,15,1147,1147,0,0,2454,151000,26005,0,0,1147,176630,0,150
71058703,1151,177777,0,15,2407,2407,0,0,1147,151000,63402,0,0,2407,175370,0,150
71058704,1151,177777,0,15,2407,2407,0,0,1147,151000,63402,0,0,2407,175370,0,150
71058705,1151,177777,0,15,2407,2407,0,0,1147,151000,63402,0,0,2407,175370,0,150
71058706,1151,177777,0,15,12503,12503,0,0,2407,151000,3405,0,0,12503,165274,0,150
71058707,1151,177777,0,15,12503,12503,0,0,2407,151000,3405,0,0,12503,165274,0,150
71058708,1152,177777,0,15,12503,12503,0,0,2407,151000,3405,0,0,12503,165274,0,150
71058709,1152,177777,0,15,116400,116400,0,0,12503,151000,41425,0,0,116400,61377,0,150
71058710,1153,177777,0,15,116400,116400,0,0,12503,151000,41425,0,4,116400,61377,0,150
71058711,1153,177777,0,15,116400,116400,0,0,12503,151000,41425,0,4,116400,61377,0,150
71058712,1153,177777,0,15,170000,170000,0,0,116400,151000,235,170000,4,110000,7777,170000,20001
71058713,1154,177777,0,15,170000,170000,0,0,116400,151000,235,170000,0,110000,7777,170000,20001
71058714,1154,177777,0,15,170000,170000,0,0,116400,151000,235,170000,0,110000,7777,170000,20001
71058715,1154,177777,0,15,110000,110000,0,0,116400,151000,360,0,0,110000,67777,0,110000
71058716,1155,177777,0,15,110000,110000,0,0,116400,151000,360,0,4,110000,67777,0,110000
71058717,1155,177777,0,15,110000,110000,0,0,116400,151000,360,0,4,110000,67777,0,110000
71058718,1155,177777,0,15,7,7,0,0,116400,151000,220,7,4,26400,177770,7,110000
71058719,1156,177777,0,15,7,7,0,0,116400,151000,220,7,0,26400,177770,7,110000
71058720,1156,177777,0,15,7,7,0,0,116400,151000,220,7,0,26400,177770,7,110000
71058721,1156,177777,0,15,20001,20001,0,0,116400,151000,3400,140000,0,20001,157776,0,20000
71058722,1157,177777,0,15,20001,20001,0,0,116400,151000,3400,140000,5,20001,157776,0,20000
71058723,1156,177777,0,15,20001,20001,0,0,116400,151000,3400,140000,5,20001,157776,0,20000
71058724,1156,177777,0,15,376,376,0,0,116400,151000,440,0,5,376,177401,376,110000
71058725,1156,177777,0,15,376,376,0,0,116400,151000,440,0,5,376,177401,376,110000
71058726,1156,177777,0,15,376,376,0,0,116400,151000,440,0,5,376,177401,376,110000
71058727,1156,177777,0,376,376,376,0,0,116400,151000,177000,0,5,376,177401,376,110000
71058728,1156,177777,0,376,376,376,0,0,116400,151000,177000,0,5,376,177401,376,110000
71058729,1156,177777,0,376,376,376,0,0,116400,151000,177000,0,5,376,177401,376,110000
71058730,1156,177777,0,376,47,47,0,0,116400,151000,177000,0,5,47,177730,47,110000
71058731,1156,177777,0,376,47,47,0,0,116400,151000,177000,0,5,47,177730,47,110000
71058732,1156,177777,0,376,47,47,0,0,116400,151000,177000,0,5,47,177730,47,110000
71058733,1156,177777,47,376,377,377,0,0,116400,151000,23400,0,5,377,177400,377,110000
71058734,1156,177777,47,376,377,377,0,0,116400,151000,23400,0,5,377,177400,377,110000
71058735,1156,177777,47,376,377,377,0,0,116400,151000,23400,0,5,377,177400,377,110000
71058736,1156,377,47,376,11265,11265,0,0,116400,151000,177400,0,5,11265,166512,11265,110000
71058737,1156,377,47,376,11265,11265,0,0,116400,151000,177400,0,5,11265,166512,11265,110000
71058738,1156,377,47,376,11265,11265,0,0,116400,151000,177400,0,5,11265,166512,11265,110000
71058739,1156,377,47,376,7656,7656,0,0,116400,151000,132422,0,5,7656,170121,7656,110000
71058740,1156,377,47,376,7656,7656,0,0,116400,151000,132422,0,5,7656,170121,7656,110000
71058741,1156,377,47,376,7656,7656,0,0,116400,151000,132422,0,5,7656,170121,7656,110000
71058742,1156,377,47,376,14315,14315,0,0,116400,151000,127017,0,5,14315,163462,14315,110000
71058743,1156,377,47,376,14315,14315,0,0,116400,151000,127017,0,5,14315,163462,14315,110000
71058744,1156,377,47,376,14315,14315,0,0,116400,151000,127017,0,5,14315,163462,14315,110000
71058745,1156,377,47,376,0,0,0,0,116400,151000,146430,0,5,0,177777,0,110000
71058746,1156,377,47,376,0,0,0,0,116400,151000,146430,0,5,0,177777,0,110000
71058747,1157,377,47,376,0,0,0,0,116400,151000,146430,0,5,0,177777,0,110000
71058748,1157,377,47,376,110240,110240,0,0,116400,151000,0,0,5,110240,67537,110240,110000
71058749,1160,377,47,376,110240,110240,0,0,116400,151000,0,0,5,110240,67537,110240,110000
71058750,1160,377,47,376,110240,110240,0,0,116400,151000,0,0,5,110240,67537,110240,110000
71058751,1160,377,47,376,0,0,0,0,116400,151000,120220,0,5,26640,177777,0,110240
71058752,1161,377,47,376,0,0,0,0,116400,151000,120220,0,0,26640,177777,0,110240
71058753,1076,377,47,376,0,0,0,0,116400,151000,120220,0,0,26640,177777,0,110240
71058754,1076,377,47,376,110240,110240,0,0,116400,151000,0,0,0,110240,67537,0,110240
71058755,1076,377,47,376,110240,110240,0,0,116400,151000,0,0,0,110240,67537,0,110240
71058756,0,377,47,376,110240,110240,0,0,116400,151000,0,0,0,110240,67537,0,110240
71058757,0,377,47,376,0,0,0,0,116400,151000,120220,0,0,0,177777,0,110240
71058758,0,377,47,376,0,0,0,0,116400,151000,120220,0,4,0,177777,0,110240
71058759,2001,377,47,376,0,0,0,0,116400,151000,120220,0,0,0,177777,0,110240
71058760,16315,377,47,376,0,0,0,0,116400,151000,120220,0,0,0,177777,0,110240
71058761,16315,377,47,376,0,0,0,0,116400,151000,120220,0,0,0,177777,0,110240
71058762,0,377,47,376,0,0,14315,0,116400,151000,120220,0,0,0,177777,0,110240
71058763,6000,377,47,376,0,0,14315,0,116400,151000,120220,0,0,0,177777,0,110240
71058764,6000,377,47,376,0,0,0,0,116400,151000,120220,0,0,0,177777,0,110240
71058765,6000,377,47,376,0,0,0,0,116400,151000,120220,0,0,0,177777,0,110240
71058766,6000,377,47,376,0,0,0,0,116400,151000,120220,0,0,0,177777,0,110240
71058767,7243,377,47,376,124370,0,0,124370,116400,151000,120220,0,0,0,177777,0,110240
71058768,7243,377,47,376,124370,0,0,124370,116400,151000,120220,0,34,0,177777,0,110240
71058769,7243,377,47,376,124370,0,0,124370,116400,151000,120220,0,34,0,177777,0,110240
71058770,7243,377,47,376,124370,0,0,124370,116400,151000,120220,0,34,0,177777,0,110240
71058771,7243,377,47,376,124370,0,0,0,116400,151000,120220,0,34,0,177777,0,110240
71058772,7243,377,47,376,124370,0,0,0,116400,151000,120220,0,34,0,177777,0,110240
71058773,7243,377,47,376,124370,0,0,0,116400,151000,120220,0,34,0,177777,0,110240
71058774,0,377,47,376,124370,0,0,0,116400,124370,0,0,34,116400,177777,0,0
71058775,0,377,47,376,0,0,0,0,116400,124370,0,0,4,116400,177777,0,0
71058776,2001,377,47,376,0,0,0,0,116400,124370,0,0,0,116400,177777,0,0
71058777,16305,377,47,376,0,0,0,0,116400,124370,0,0,0,116400,177777,0,0
71058778,16305,377,47,376,0,0,0,0,116400,124370,0,0,0,116400,177777,0,0
71058779,0,377,47,376,0,0,14305,0,116400,124370,0,0,0,116400,177777,0,0
71058780,6000,377,47,376,0,0,14305,0,116400,124370,0,0,0,116400,177777,0,0
71058781,6000,377,47,376,0,0,0,0,116400,124370,0,0,0,116400,177777,0,0
71058782,6000,377,47,376,0,0,0,0,116400,124370,0,0,0,116400,177777,0,0
71058783,6000,377,47,376,0,0,0,0,116400,124370,0,0,0,116400,177777,0,0
71058784,6546,377,47,376,54611,0,0,54611,116400,124370,0,0,0,116400,177777,0,0
71058785,6546,377,47,376,54611,0,0,54611,116400,124370,0,0,0,116400,177777,0,0
71058786,6546,377,47,376,54611,0,0,54611,116400,124370,0,0,0,116400,177777,0,0
71058787,6546,377,47,376,54611,0,0,54611,116400,124370,0,0,0,116400,177777,0,0
71058788,6546,377,47,376,54611,0,0,0,116400,124370,0,0,0,116400,177777,0,0
71058789,6546,377,47,376,54611,0,0,0,116400,124370,0,0,0,116400,177777,0,0
71058790,6546,377,47,376,54611,0,0,0,116400,124370,0,0,0,116400,177777,0,0
71058791,174,377,47,376,54611,116400,0,0,116400,54611,0,174,0,116400,61377,0,0
71058792,174,377,47,376,0,116400,0,0,116400,54611,0,174,3,116400,61377,0,0
71058793,0,377,47,376,0,116400,0,0,116400,54611,0,174,3,116400,61377,0,0
71058794,0,377,47,376,0,116400,0,0,116400,54611,0,174,3,116400,61377,0,0
71058795,0,377,47,376,0,116400,0,0,116400,54611,0,174,3,116400,61377,0,0
71058796,0,377,47,376,0,116400,7467,0,116400,54611,0,174,3,116400,61377,0,0
71058797,0,377,47,376,0,116400,7467,0,116400,54611,0,174,3,116400,61377,0,0
71058798,0,377,47,376,0,116400,0,0,116400,54611,0,174,3,116400,61377,0,0
71058799,0,377,47,376,0,116400,0,0,116400,54611,0,174,3,116400,61377,0,0
71058800,0,377,47,376,0,116400,0,0,116400,54611,0,174,3,116400,61377,0,0
71058801,0,377,47,376,377,116400,0,377,116400,54611,0,174,3,116400,61377,0,0
71058802,0,377,47,376,377,116400,0,377,116400,54611,0,174,3,116400,61377,0,0
71058803,0,377,47,376,377,116400,0,377,116400,54611,0,174,3,116400,61377,0,0
71058804,0,377,47,376,377,116400,0,377,116400,54611,0,174,3,116400,61377,0,0
71058805,0,377,47,376,377,116400,0,0,116400,54611,0,174,3,116400,61377,0,0
71058806,0,377,47,376,377,116400,0,0,116400,54611,0,174,3,116400,61377,0,0
71058807,0,377,47,376,377,116400,0,0,116400,54611,0,174,3,116400,61377,0,0
71058808,0,377,47,376,377,377,0,0,116400,377,235,0,3,377,177400,377,0
71058809,0,377,47,376,0,377,0,0,116400,377,235,0,4,377,177400,377,0
71058810,2001,377,47,376,0,377,0,0,116400,377,235,0,0,377,177400,377,0
71058811,16306,377,47,376,0,377,0,0,116400,377,235,0,0,377,177400,377,0
71058812,16306,377,47,376,0,377,0,0,116400,377,235,0,0,377,177400,377,0
71058813,0,377,47,376,0,377,14306,0,116400,377,235,0,0,377,177400,377,0
71058814,6000,377,47,376,0,377,14306,0,116400,377,235,0,0,377,177400,377,0
71058815,6000,377,47,376,0,377,0,0,116400,377,235,0,0,377,177400,377,0
71058816,6000,377,47,376,0,377,0,0,116400,377,235,0,0,377,177400,377,0
71058817,6000,377,47,376,0,377,0,0,116400,377,235,0,0,377,177400,377,0
71058818,6506,377,47,376,50606,377,0,50606,116400,377,235,0,0,377,177400,377,0
71058819,6506,377,47,376,50606,377,0,50606,116400,377,235,0,0,377,177400,377,0
71058820,6506,377,47,376,50606,377,0,50606,116400,377,235,0,0,377,177400,377,0
71058821,6506,377,47,376,50606,377,0,50606,116400,377,235,0,0,377,177400,377,0
71058822,6506,377,47,376,50606,377,0,0,116400,377,235,0,0,377,177400,377,0
71058823,6506,377,47,376,50606,377,0,0,116400,377,235,0,0,377,177400,377,0
71058824,6506,377,47,376,50606,377,0,0,116400,377,235,0,0,377,177400,377,0
71058825,172,377,47,377,50606,116400,0,0,116400,50606,177400,172,0,116400,61377,0,0
71058826,172,377,47,377,0,116400,0,0,116400,50606,177400,172,3,116400,61377,0,0
71058827,0,377,47,377,0,116400,0,0,116400,50606,177400,172,3,116400,61377,0,0
71058828,0,377,47,377,0,116400,0,0,116400,50606,177400,172,3,116400,61377,0,0
71058829,0,377,47,377,0,116400,0,0,116400,50606,177400,172,3,116400,61377,0,0
71058830,0,377,47,377,0,116400,7464,0,116400,50606,177400,172,3,116400,61377,0,0
71058831,0,377,47,377,0,116400,7464,0,116400,50606,177400,172,3,116400,61377,0,0
71058832,0,377,47,377,0,116400,0,0,116400,50606,177400,172,3,116400,61377,0,0
71058833,0,377,47,377,0,116400,0,0,116400,50606,177400,172,3,116400,61377,0,0
71058834,0,377,47,377,0,116400,0,0,116400,50606,177400,172,3,116400,61377,0,0
71058835,0,377,47,377,75154,116400,0,75154,116400,50606,177400,172,3,116400,61377,0,0
71058836,0,377,47,377,75154,116400,0,75154,116400,50606,177400,172,3,116400,61377,0,0
71058837,0,377,47,377,75154,116400,0,75154,116400,50606,177400,172,3,116400,61377,0,0
71058838,0,377,47,377,75154,116400,0,75154,116400,50606,177400,172,3,116400,61377,0,0
71058839,0,377,47,377,75154,116400,0,0,116400,50606,177400,172,3,116400,61377,0,0
71058840,0,377,47,377,75154,116400,0,0,116400,50606,177400,172,3,116400,61377,0,0
71058841,0,377,47,377,75154,116400,0,0,116400,50606,177400,172,3,116400,61377,0,0
71058842,0,377,47,377,75154,75154,0,0,116400,75154,235,0,3,75154,102623,75154,0
71058843,0,377,47,377,0,75154,0,0,116400,75154,235,0,4,75154,102623,75154,0
71058844,2001,377,47,377,0,75154,0,0,116400,75154,235,0,0,75154,102623,75154,0
71058845,16307,377,47,377,0,75154,0,0,116400,75154,235,0,0,75154,102623,75154,0
71058846,16307,377,47,377,0,75154,0,0,116400,75154,235,0,0,75154,102623,75154,0
71058847,0,377,47,377,0,75154,14307,0,116400,75154,235,0,0,75154,102623,75154,0
71058848,6000,377,47,377,0,75154,14307,0,116400,75154,235,0,0,75154,102623,75154,0
71058849,6000,377,47,377,0,75154,0,0,116400,75154,235,0,0,75154,102623,75154,0
71058850,6000,377,47,377,0,75154,0,0,116400,75154,235,0,0,75154,102623,75154,0
71058851,6000,377,47,377,0,75154,0,0,116400,75154,235,0,0,75154,102623,75154,0
71058852,7422,377,47,377,142200,75154,0,142200,116400,75154,235,0,0,75154,102623,75154,0
71058853,7422,377,47,377,142200,75154,0,142200,116400,75154,235,0,0,75154,102623,75154,0
71058854,7422,377,47,377,142200,75154,0,142200,116400,75154,235,0,0,75154,102623,75154,0
71058855,7422,377,47,377,142200,75154,0,142200,116400,75154,235,0,0,75154,102623,75154,0
71058856,7422,377,47,377,142200,75154,0,0,116400,75154,235,0,0,75154,102623,75154,0
71058857,7422,377,47,377,142200,75154,0,0,116400,75154,235,0,0,75154,102623,75154,0
71058858,7422,377,47,377,142200,75154,0,0,116400,75154,235,0,0,75154,102623,75154,0
71058859,4331,377,75154,377,156600,116400,0,0,116400,142200,66172,4331,0,116400,61377,0,0
# MARK fail tick=71058859
71058860,4331,377,75154,377,116400,116400,0,0,116400,142200,66172,4331,0,116400,61377,0,0
71058861,4335,377,75154,377,116400,116400,0,0,116400,142200,66172,4331,0,116400,61377,0,0
71058862,4335,377,75154,377,377,377,0,0,116400,116400,235,74335,0,377,177400,0,377
71058863,4335,377,75154,377,377,377,0,0,116400,116400,235,74335,0,377,177400,0,377
71058864,4336,377,75154,377,377,377,0,0,116400,116400,235,74335,0,377,177400,0,377
71058865,4336,377,75154,377,75353,75353,0,0,116400,116400,177400,60000,0,75353,102424,0,75154
71058866,4337,377,75154,377,75353,75353,0,0,116400,116400,177400,60000,10,75353,102424,0,75154
71058867,4332,377,75154,377,75353,75353,0,0,116400,116400,177400,60000,10,75353,102424,0,75154
71058868,4332,377,75154,377,0,1,0,0,116400,116400,165572,70350,10,1,177776,1,377
71058869,4332,377,75154,377,0,1,0,0,116400,116400,165572,70350,3,1,177776,1,377
71058870,4333,377,75154,377,0,1,0,0,116400,116400,165572,70350,3,1,177776,1,377
71058871,4333,377,75154,377,0,1,0,0,116400,116400,165572,70350,3,1,177776,1,377
71058872,4333,377,75154,377,0,1,0,0,116400,116400,165572,70350,3,1,177776,1,377
71058873,4333,377,75154,377,0,1,75353,0,116400,116400,165572,70350,3,1,177776,1,377
71058874,4333,377,75154,377,0,1,75353,0,116400,116400,165572,70350,3,1,177776,1,377
71058875,4333,377,75154,377,0,1,0,0,116400,116400,165572,70350,3,1,177776,1,377
71058876,4333,377,75154,377,0,1,0,0,116400,116400,165572,70350,3,1,177776,1,377
71058877,4333,377,75154,377,0,1,0,0,116400,116400,165572,70350,3,1,177776,1,377
71058878,4333,377,75154,377,20111,1,0,20111,116400,116400,165572,70350,3,1,177776,1,377
71058879,4333,377,75154,377,20111,1,0,20111,116400,116400,165572,70350,3,1,177776,1,377
71058880,4333,377,75154,377,20111,1,0,20111,116400,116400,165572,70350,3,1,177776,1,377
71058881,4333,377,75154,377,20111,1,0,20111,116400,116400,165572,70350,3,1,177776,1,377
71058882,4333,377,75154,377,20111,1,0,0,116400,116400,165572,70350,3,1,177776,1,377
71058883,4333,377,75154,377,20111,1,0,0,116400,116400,165572,70350,3,1,177776,1,377
71058884,4333,377,75154,377,20111,1,0,0,116400,116400,165572,70350,3,1,177776,1,377
71058885,4333,377,75154,377,20111,20111,0,0,116400,20111,400,4334,3,20111,157666,20111,0
71058886,4334,377,75154,377,20111,20111,0,0,116400,20111,400,4334,4,20111,157666,20111,0
# MARK fail tick=71058886
71058887,377,377,75154,377,20111,20111,0,0,116400,20111,400,4334,4,20111,157666,20111,0
71058888,377,377,75154,377,0,377,0,0,20111,20111,44440,377,4,111,177400,377,0
71058889,377,377,75154,377,0,377,0,0,20111,20111,44440,377,0,111,177400,377,0
71058890,401,377,75154,377,0,377,0,0,20111,20111,44440,377,0,111,177400,377,0
71058891,16310,377,75154,377,0,377,0,0,20111,20111,44440,377,0,111,177400,377,0
71058892,16310,377,75154,377,0,377,0,0,20111,20111,44440,377,0,111,177400,377,0
71058893,0,377,75154,377,0,377,14310,0,20111,20111,44440,377,0,111,177400,377,0
71058894,6000,377,75154,377,0,377,14310,0,20111,20111,44440,377,0,111,177400,377,0
71058895,6000,377,75154,377,0,377,0,0,20111,20111,44440,377,0,111,177400,377,0
71058896,6000,377,75154,377,0,377,0,0,20111,20111,44440,377,0,111,177400,377,0
71058897,6000,377,75154,377,0,377,0,0,20111,20111,44440,377,0,111,177400,377,0
71058898,7710,377,75154,377,171047,377,0,171047,20111,20111,44440,377,0,111,177400,377,0
71058899,7710,377,75154,377,171047,377,0,171047,20111,20111,44440,377,22,111,177400,377,0
71058900,7710,377,75154,377,171047,377,0,171047,20111,20111,44440,377,22,111,177400,377,0
71058901,7710,377,75154,377,171047,377,0,171047,20111,20111,44440,377,22,111,177400,377,0
71058902,7710,377,75154,377,171047,377,0,0,20111,20111,44440,377,22,111,177400,377,0
71058903,7710,377,75154,377,171047,377,0,0,20111,20111,44440,377,22,111,177400,377,0
71058904,7710,377,75154,377,171047,377,0,0,20111,20111,44440,377,22,111,177400,377,0
71058905,0,111,75154,377,171047,47,0,0,20111,171047,177400,0,22,47,177730,47,0
71058906,0,111,75154,377,0,47,0,0,20111,171047,177400,0,4,47,177730,47,0
71058907,2001,111,75154,377,0,47,0,0,20111,171047,177400,0,0,47,177730,47,0
71058908,16311,111,75154,377,0,47,0,0,20111,171047,177400,0,0,47,177730,47,0
71058909,16311,111,75154,377,0,47,0,0,20111,171047,177400,0,0,47,177730,47,0
71058910,0,111,75154,377,0,47,14311,0,20111,171047,177400,0,0,47,177730,47,0
71058911,6000,111,75154,377,0,47,14311,0,20111,171047,177400,0,0,47,177730,47,0
71058912,6000,111,75154,377,0,47,0,0,20111,171047,177400,0,0,47,177730,47,0
71058913,6000,111,75154,377,0,47,0,0,20111,171047,177400,0,0,47,177730,47,0
71058914,6000,111,75154,377,0,47,0,0,20111,171047,177400,0,0,47,177730,47,0
71058915,7420,111,75154,377,142065,47,0,142065,20111,171047,177400,0,0,47,177730,47,0
71058916,7420,111,75154,377,142065,47,0,142065,20111,171047,177400,0,0,47,177730,47,0
71058917,7420,111,75154,377,142065,47,0,142065,20111,171047,177400,0,0,47,177730,47,0
71058918,7420,111,75154,377,142065,47,0,142065,20111,171047,177400,0,0,47,177730,47,0
71058919,7420,111,75154,377,142065,47,0,0,20111,171047,177400,0,0,47,177730,47,0
71058920,7420,111,75154,377,142065,47,0,0,20111,171047,177400,0,0,47,177730,47,0
71058921,7420,111,75154,377,142065,47,0,0,20111,171047,177400,0,0,47,177730,47,0
71058922,215,111,47,377,142065,42,0,0,20111,142065,23400,215,0,42,177735,0,47
71058923,215,111,47,377,0,42,0,0,20111,142065,23400,215,0,42,177735,0,47
71058924,0,111,47,377,0,42,0,0,20111,142065,23400,215,0,42,177735,0,47
71058925,16312,111,47,377,0,42,0,0,20111,142065,23400,215,0,42,177735,0,47
71058926,16312,111,47,377,0,42,0,0,20111,142065,23400,215,0,42,177735,0,47
