tick,MEMRD_ADDR,MEMRD_DATA,CD16,FIDBO,RA,RT,RD,RB,RX,CSA_12_0
45207395,0,0,0,1,122,5252,10,1164,4,4345
45207396,0,0,0,1,122,5252,10,1164,4,4345
45207397,5254,0,0,1,122,5252,10,1164,4,4345
# MARK w2 tick=45207397
45207398,5254,0,0,1,122,5252,10,1164,4,4345
45207399,0,0,0,1,122,5252,10,1164,4,4345
45207400,0,0,0,1,122,5252,10,1164,4,4345
45207401,0,0,0,1,122,5252,10,1164,4,4345
45207402,0,0,0,1,122,5252,10,1164,4,4345
45207403,0,0,0,1,122,5252,10,1164,4,4345
45207404,0,0,0,1,122,5252,10,1164,4,4345
45207405,0,0,0,1,122,5252,10,1164,4,4345
45207406,0,0,0,1,122,5252,10,1164,4,4345
45207407,0,0,0,1,122,5252,10,1164,4,4345
45207408,0,0,0,1,122,5252,10,1164,4,4345
45207409,0,0,0,0,122,5252,10,1164,4,4345
45207410,0,0,0,0,122,5252,10,1164,4,4345
45207411,0,0,0,0,122,5252,10,1164,4,4346
45207412,0,0,377,377,122,5252,10,1164,4,4346
45207413,0,0,377,377,122,5252,10,1164,4,4347
45207427,0,0,51000,51000,122,5252,10,1164,4,0
45207428,0,0,51000,51000,122,5252,10,1164,4,0
45207429,5254,0,51000,51000,122,5252,10,1164,4,0
# MARK w2 tick=45207429
45207430,5254,0,51000,51000,122,5252,10,1164,4,0
45207431,0,0,51000,51000,122,5252,10,1164,4,0
45207432,51000,0,51000,51000,122,5252,10,1164,4,0
45207433,51000,0,0,0,122,5252,10,1164,4,0
45207434,51000,0,0,0,122,5252,10,1164,4,0
45207435,51000,0,0,0,122,5252,10,1164,4,2001
45207436,51000,0,0,0,122,5252,10,1164,4,16423
45207437,51000,0,0,0,122,5252,10,1164,4,16423
45207438,51000,0,0,0,122,5252,10,1164,4,0
45207439,0,0,0,0,122,5252,10,1164,4,0
45207440,22423,0,0,0,122,5252,10,1164,4,0
45207441,22423,0,0,0,122,5252,10,1164,4,6000
45207442,0,0,0,0,122,5252,10,1164,4,6000
45207443,0,0,0,0,122,5252,10,1164,4,6000
45207444,0,0,0,0,122,5252,10,1164,4,6000
45207445,0,5013,5013,0,122,5252,10,1164,4,6050
45209128,0,0,0,1,5,5252,55345,7753,4,4334
45209129,0,0,0,1,5,5252,55345,7753,4,4334
45209130,5254,0,0,1,5,5252,55345,7753,4,4334
# MARK w2 tick=45209130
45209131,5254,0,0,1,5,5252,55345,7753,4,4334
45209132,0,0,0,1,5,5252,55345,7753,4,4334
45209133,0,0,0,1,5,5252,55345,7753,4,4334
45209134,0,0,0,1,5,5252,55345,7753,4,4334
45209135,0,51000,51000,1,5,5252,55345,7753,4,4334
45209136,0,51000,51000,1,5,5252,55345,7753,4,4334
45209137,0,51000,51000,1,5,5252,55345,7753,4,4334
45209138,0,51000,51000,1,5,5252,55345,7753,4,4334
45209139,0,0,51000,1,5,5252,55345,7753,4,4334
45209140,0,0,51000,1,5,5252,55345,7753,4,4334
45209141,0,0,51000,1,5,5252,55345,7753,4,4334
45209142,0,0,51000,51000,5,5252,55345,7753,4,4334
45209143,0,0,51000,51000,5,5252,55345,7753,4,4334
45209144,0,0,51000,51000,5,5252,55345,7753,4,4333
45209145,0,0,122,122,5,5252,55345,7753,4,4333
45209146,0,0,122,122,5,5252,55345,7753,4,4333
45243505,0,0,0,1,122,12023,55672,7707,4,4345
45243506,0,0,0,1,122,12023,55672,7707,4,4345
45243507,12025,0,0,1,122,12023,55672,7707,4,4345
# MARK w2 tick=45243507
45243508,12025,0,0,1,122,12023,55672,7707,4,4345
45243509,0,0,0,1,122,12023,55672,7707,4,4345
45243510,0,0,0,1,122,12023,55672,7707,4,4345
45243511,0,0,0,1,122,12023,55672,7707,4,4345
45243512,0,0,0,1,122,12023,55672,7707,4,4345
45243513,0,0,0,1,122,12023,55672,7707,4,4345
45243514,0,0,0,1,122,12023,55672,7707,4,4345
45243515,0,0,0,1,122,12023,55672,7707,4,4345
45243516,0,0,0,1,122,12023,55672,7707,4,4345
45243517,0,0,0,1,122,12023,55672,7707,4,4345
45243518,0,0,0,1,122,12023,55672,7707,4,4345
45243519,0,0,0,0,122,12023,55672,7707,4,4345
45243520,0,0,0,0,122,12023,55672,7707,4,4345
45243521,0,0,0,0,122,12023,55672,7707,4,4346
45243522,0,0,377,377,122,12023,55672,7707,4,4346
45243523,0,0,377,377,122,12023,55672,7707,4,4347
45243537,0,0,51000,51000,122,12023,55672,7707,4,0
45243538,0,0,51000,51000,122,12023,55672,7707,4,0
45243539,12025,0,51000,51000,122,12023,55672,7707,4,0
# MARK w2 tick=45243539
45243540,12025,0,51000,51000,122,12023,55672,7707,4,0
45243541,0,0,51000,51000,122,12023,55672,7707,4,0
45243542,51000,0,51000,51000,122,12023,55672,7707,4,0
45243543,51000,0,0,0,122,12023,55672,7707,4,0
45243544,51000,0,0,0,122,12023,55672,7707,4,0
45243545,51000,0,0,0,122,12023,55672,7707,4,2001
45243546,51000,0,0,0,122,12023,55672,7707,4,16166
45243547,51000,0,0,0,122,12023,55672,7707,4,16166
45243548,51000,0,0,0,122,12023,55672,7707,4,0
45243549,0,0,0,0,122,12023,55672,7707,4,0
45243550,20166,0,0,0,122,12023,55672,7707,4,0
45243551,20166,0,0,0,122,12023,55672,7707,4,6000
45243552,0,0,0,0,122,12023,55672,7707,4,6000
45243553,0,0,0,0,122,12023,55672,7707,4,6000
45243554,0,0,0,0,122,12023,55672,7707,4,6000
45243555,0,44612,44612,0,122,12023,55672,7707,4,6446
45504061,0,0,0,1,125,5252,10,1164,5,4342
45504062,0,0,0,1,125,5252,10,1164,5,4342
45504063,5254,0,0,1,125,5252,10,1164,5,4342
# MARK w2 tick=45504063
45504064,5254,0,0,1,125,5252,10,1164,5,4342
45504065,0,0,0,1,125,5252,10,1164,5,4342
45504066,0,0,0,1,125,5252,10,1164,5,4342
45504067,0,0,0,1,125,5252,10,1164,5,4342
45504068,0,51000,51000,1,125,5252,10,1164,5,4342
45504069,0,51000,51000,1,125,5252,10,1164,5,4342
45504070,0,51000,51000,1,125,5252,10,1164,5,4342
45504071,0,51000,51000,1,125,5252,10,1164,5,4342
45504072,0,0,51000,1,125,5252,10,1164,5,4342
45504073,0,0,51000,1,125,5252,10,1164,5,4342
45504074,0,0,51000,1,125,5252,10,1164,5,4342
45504075,0,0,51000,51000,125,5252,10,1164,5,4342
45504076,0,0,51000,51000,125,5252,10,1164,5,4343
45504077,0,0,51000,51000,125,5252,10,1164,5,4343
45504078,0,0,177400,177400,125,5252,10,1164,5,4343
45504079,0,0,177400,177400,125,5252,10,1164,5,4344
45504087,0,0,51125,51125,125,5252,10,1164,5,0
45504088,0,0,51125,51125,125,5252,10,1164,5,0
45504089,5254,0,51125,51125,125,5252,10,1164,5,0
# MARK w2 tick=45504089
45504090,5254,0,51125,51125,125,5252,10,1164,5,0
45504091,0,0,51125,51125,125,5252,10,1164,5,0
45504092,51125,0,51125,51125,125,5252,10,1164,5,0
45504093,51125,0,0,0,125,5252,10,1164,5,0
45504094,51125,0,0,0,125,5252,10,1164,5,0
45504095,51125,0,0,0,125,5252,10,1164,5,2001
45504096,51125,0,0,0,125,5252,10,1164,5,16423
45504097,51125,0,0,0,125,5252,10,1164,5,16423
45504098,51125,0,0,0,125,5252,10,1164,5,0
45504099,0,0,0,0,125,5252,10,1164,5,0
45504100,22423,0,0,0,125,5252,10,1164,5,0
45504101,22423,0,0,0,125,5252,10,1164,5,6000
45504102,0,0,0,0,125,5252,10,1164,5,6000
45504103,0,0,0,0,125,5252,10,1164,5,6000
45504104,0,0,0,0,125,5252,10,1164,5,6000
45504105,0,5013,5013,0,125,5252,10,1164,5,6050
45505774,0,0,0,1,6,5252,55345,7753,5,4333
45505775,0,0,0,1,6,5252,55345,7753,5,4333
45505776,5254,0,0,1,6,5252,55345,7753,5,4333
# MARK w2 tick=45505776
45505777,5254,0,0,1,6,5252,55345,7753,5,4333
45505778,0,0,0,1,6,5252,55345,7753,5,4333
45505779,0,0,0,1,6,5252,55345,7753,5,4333
45505780,0,0,0,1,6,5252,55345,7753,5,4333
45505781,0,51125,51125,1,6,5252,55345,7753,5,4333
45505782,0,51125,51125,1,6,5252,55345,7753,5,4333
45505783,0,51125,51125,1,6,5252,55345,7753,5,4333
45505784,0,51125,51125,1,6,5252,55345,7753,5,4333
45505785,0,0,51125,1,6,5252,55345,7753,5,4333
45505786,0,0,51125,1,6,5252,55345,7753,5,4333
45505787,0,0,51125,1,6,5252,55345,7753,5,4333
45505788,0,0,51125,51125,6,5252,55345,7753,5,4333
45505789,0,0,51125,51125,6,5252,55345,7753,5,4334
45505790,0,0,51125,51125,6,5252,55345,7753,5,377
45505791,0,0,0,377,6,5252,55345,7753,5,377
45505792,0,0,0,377,6,5252,55345,7753,5,377
45540146,0,0,0,1,125,12023,55672,7707,5,4342
45540147,0,0,0,1,125,12023,55672,7707,5,4342
45540148,12025,0,0,1,125,12023,55672,7707,5,4342
# MARK w2 tick=45540148
45540149,12025,0,0,1,125,12023,55672,7707,5,4342
45540150,0,0,0,1,125,12023,55672,7707,5,4342
45540151,0,0,0,1,125,12023,55672,7707,5,4342
45540152,0,0,0,1,125,12023,55672,7707,5,4342
45540153,0,51000,51000,1,125,12023,55672,7707,5,4342
45540154,0,51000,51000,1,125,12023,55672,7707,5,4342
45540155,0,51000,51000,1,125,12023,55672,7707,5,4342
45540156,0,51000,51000,1,125,12023,55672,7707,5,4342
45540157,0,0,51000,1,125,12023,55672,7707,5,4342
45540158,0,0,51000,1,125,12023,55672,7707,5,4342
45540159,0,0,51000,1,125,12023,55672,7707,5,4342
45540160,0,0,51000,51000,125,12023,55672,7707,5,4342
45540161,0,0,51000,51000,125,12023,55672,7707,5,4343
45540162,0,0,51000,51000,125,12023,55672,7707,5,4343
45540163,0,0,177400,177400,125,12023,55672,7707,5,4343
45540164,0,0,177400,177400,125,12023,55672,7707,5,4344
45540172,0,0,51125,51125,125,12023,55672,7707,5,0
45540173,0,0,51125,51125,125,12023,55672,7707,5,0
45540174,12025,0,51125,51125,125,12023,55672,7707,5,0
# MARK w2 tick=45540174
45540175,12025,0,51125,51125,125,12023,55672,7707,5,0
45540176,0,0,51125,51125,125,12023,55672,7707,5,0
45540177,51125,0,51125,51125,125,12023,55672,7707,5,0
45540178,51125,0,0,0,125,12023,55672,7707,5,0
45540179,51125,0,0,0,125,12023,55672,7707,5,0
45540180,51125,0,0,0,125,12023,55672,7707,5,2001
45540181,51125,0,0,0,125,12023,55672,7707,5,16166
45540182,51125,0,0,0,125,12023,55672,7707,5,16166
45540183,51125,0,0,0,125,12023,55672,7707,5,0
45540184,0,0,0,0,125,12023,55672,7707,5,0
45540185,20166,0,0,0,125,12023,55672,7707,5,0
45540186,20166,0,0,0,125,12023,55672,7707,5,6000
45540187,0,0,0,0,125,12023,55672,7707,5,6000
45540188,0,0,0,0,125,12023,55672,7707,5,6000
45540189,0,0,0,0,125,12023,55672,7707,5,6000
45540190,0,44612,44612,0,125,12023,55672,7707,5,6446
47402126,0,0,0,1,4,12023,55672,7602,4,4334
47402127,0,0,0,1,4,12023,55672,7602,4,4334
47402128,12025,0,0,1,4,12023,55672,7602,4,4334
# MARK w2 tick=47402128
47402129,12025,0,0,1,4,12023,55672,7602,4,4334
47402130,0,0,0,1,4,12023,55672,7602,4,4334
47402131,0,0,0,1,4,12023,55672,7602,4,4334
47402132,0,0,0,1,4,12023,55672,7602,4,4334
47402133,0,51125,51125,1,4,12023,55672,7602,4,4334
47402134,0,51125,51125,1,4,12023,55672,7602,4,4334
47402135,0,51125,51125,1,4,12023,55672,7602,4,4334
47402136,0,51125,51125,1,4,12023,55672,7602,4,4334
47402137,0,0,51125,1,4,12023,55672,7602,4,4334
47402138,0,0,51125,1,4,12023,55672,7602,4,4334
47402139,0,0,51125,1,4,12023,55672,7602,4,4334
47402140,0,0,51125,51125,4,12023,55672,7602,4,4334
47402141,0,0,51125,51125,4,12023,55672,7602,4,4334
47402142,0,0,51125,51125,4,12023,55672,7602,4,4333
47402143,0,0,52522,52522,4,12023,55672,7602,4,4333
47402144,0,0,52522,52522,4,12023,55672,7602,4,4333
47408278,0,0,0,1,4,12023,55672,7602,4,4334
47408279,0,0,0,1,4,12023,55672,7602,4,4334
47408280,12025,0,0,1,4,12023,55672,7602,4,4334
# MARK w2 tick=47408280
47408281,12025,0,0,1,4,12023,55672,7602,4,4334
47408282,0,0,0,1,4,12023,55672,7602,4,4334
47408283,0,0,0,1,4,12023,55672,7602,4,4334
47408284,0,0,0,1,4,12023,55672,7602,4,4334
47408285,0,51125,51125,1,4,12023,55672,7602,4,4334
47408286,0,51125,51125,1,4,12023,55672,7602,4,4334
47408287,0,51125,51125,1,4,12023,55672,7602,4,4334
47408288,0,51125,51125,1,4,12023,55672,7602,4,4334
47408289,0,0,51125,1,4,12023,55672,7602,4,4334
47408290,0,0,51125,1,4,12023,55672,7602,4,4334
47408291,0,0,51125,1,4,12023,55672,7602,4,4334
47408292,0,0,51125,51125,4,12023,55672,7602,4,4334
47408293,0,0,51125,51125,4,12023,55672,7602,4,4334
47408294,0,0,51125,51125,4,12023,55672,7602,4,4333
47408295,0,0,52522,52522,4,12023,55672,7602,4,4333
47408296,0,0,52522,52522,4,12023,55672,7602,4,4333
47408752,0,0,0,1,5,12023,55672,7602,5,4333
47408753,0,0,0,1,5,12023,55672,7602,5,4333
47408754,12025,0,0,1,5,12023,55672,7602,5,4333
# MARK w2 tick=47408754
47408755,12025,0,0,1,5,12023,55672,7602,5,4333
47408756,0,0,0,1,5,12023,55672,7602,5,4333
47408757,0,0,0,1,5,12023,55672,7602,5,4333
47408758,0,0,0,1,5,12023,55672,7602,5,4333
47408759,0,51125,51125,1,5,12023,55672,7602,5,4333
47408760,0,51125,51125,1,5,12023,55672,7602,5,4333
47408761,0,51125,51125,1,5,12023,55672,7602,5,4333
47408762,0,51125,51125,1,5,12023,55672,7602,5,4333
47408763,0,0,51125,1,5,12023,55672,7602,5,4333
47408764,0,0,51125,1,5,12023,55672,7602,5,4333
47408765,0,0,51125,1,5,12023,55672,7602,5,4333
47408766,0,0,51125,51125,5,12023,55672,7602,5,4333
47408767,0,0,51125,51125,5,12023,55672,7602,5,4334
47408768,0,0,51125,51125,5,12023,55672,7602,5,377
47408769,0,0,0,377,5,12023,55672,7602,5,377
47408770,0,0,0,377,5,12023,55672,7602,5,377
47409251,0,0,0,1,5,12023,55672,7602,5,4333
47409252,0,0,0,1,5,12023,55672,7602,5,4333
47409253,12025,0,0,1,5,12023,55672,7602,5,4333
# MARK w2 tick=47409253
47409254,12025,0,0,1,5,12023,55672,7602,5,4333
47409255,0,0,0,1,5,12023,55672,7602,5,4333
47409256,0,0,0,1,5,12023,55672,7602,5,4333
47409257,0,0,0,1,5,12023,55672,7602,5,4333
47409258,0,51125,51125,1,5,12023,55672,7602,5,4333
47409259,0,51125,51125,1,5,12023,55672,7602,5,4333
47409260,0,51125,51125,1,5,12023,55672,7602,5,4333
47409261,0,51125,51125,1,5,12023,55672,7602,5,4333
47409262,0,0,51125,1,5,12023,55672,7602,5,4333
47409263,0,0,51125,1,5,12023,55672,7602,5,4333
47409264,0,0,51125,1,5,12023,55672,7602,5,4333
47409265,0,0,51125,51125,5,12023,55672,7602,5,4333
47409266,0,0,51125,51125,5,12023,55672,7602,5,4334
47409267,0,0,51125,51125,5,12023,55672,7602,5,377
47409268,0,0,0,377,5,12023,55672,7602,5,377
47409269,0,0,0,377,5,12023,55672,7602,5,377
47549279,0,0,0,1,4,12023,117,7654,4,4334
47549280,0,0,0,1,4,12023,117,7654,4,4334
47549281,12025,0,0,1,4,12023,117,7654,4,4334
# MARK w2 tick=47549281
47549282,12025,0,0,1,4,12023,117,7654,4,4334
47549283,0,0,0,1,4,12023,117,7654,4,4334
47549284,0,0,0,1,4,12023,117,7654,4,4334
47549285,0,0,0,1,4,12023,117,7654,4,4334
47549286,0,51125,51125,1,4,12023,117,7654,4,4334
47549287,0,51125,51125,1,4,12023,117,7654,4,4334
47549288,0,51125,51125,1,4,12023,117,7654,4,4334
47549289,0,51125,51125,1,4,12023,117,7654,4,4334
47549290,0,0,51125,1,4,12023,117,7654,4,4334
47549291,0,0,51125,1,4,12023,117,7654,4,4334
47549292,0,0,51125,1,4,12023,117,7654,4,4334
47549293,0,0,51125,51125,4,12023,117,7654,4,4334
47549294,0,0,51125,51125,4,12023,117,7654,4,4334
47549295,0,0,51125,51125,4,12023,117,7654,4,4333
47549296,0,0,52522,52522,4,12023,117,7654,4,4333
47549297,0,0,52522,52522,4,12023,117,7654,4,4333
47549997,0,0,0,1,5,12023,117,7654,5,4333
47549998,0,0,0,1,5,12023,117,7654,5,4333
47549999,12025,0,0,1,5,12023,117,7654,5,4333
# MARK w2 tick=47549999
47550000,12025,0,0,1,5,12023,117,7654,5,4333
47550001,0,0,0,1,5,12023,117,7654,5,4333
47550002,0,0,0,1,5,12023,117,7654,5,4333
47550003,0,0,0,1,5,12023,117,7654,5,4333
47550004,0,51125,51125,1,5,12023,117,7654,5,4333
47550005,0,51125,51125,1,5,12023,117,7654,5,4333
47550006,0,51125,51125,1,5,12023,117,7654,5,4333
47550007,0,51125,51125,1,5,12023,117,7654,5,4333
47550008,0,0,51125,1,5,12023,117,7654,5,4333
47550009,0,0,51125,1,5,12023,117,7654,5,4333
47550010,0,0,51125,1,5,12023,117,7654,5,4333
47550011,0,0,51125,51125,5,12023,117,7654,5,4333
47550012,0,0,51125,51125,5,12023,117,7654,5,4334
47550013,0,0,51125,51125,5,12023,117,7654,5,377
47550014,0,0,0,377,5,12023,117,7654,5,377
47550015,0,0,0,377,5,12023,117,7654,5,377
47606015,0,0,0,1,4,12023,117,7654,4,4334
47606016,0,0,0,1,4,12023,117,7654,4,4334
47606017,12025,0,0,1,4,12023,117,7654,4,4334
# MARK w2 tick=47606017
47606018,12025,0,0,1,4,12023,117,7654,4,4334
47606019,0,0,0,1,4,12023,117,7654,4,4334
47606020,0,0,0,1,4,12023,117,7654,4,4334
47606021,0,0,0,1,4,12023,117,7654,4,4334
47606022,0,51125,51125,1,4,12023,117,7654,4,4334
47606023,0,51125,51125,1,4,12023,117,7654,4,4334
47606024,0,51125,51125,1,4,12023,117,7654,4,4334
47606025,0,51125,51125,1,4,12023,117,7654,4,4334
47606026,0,0,51125,1,4,12023,117,7654,4,4334
47606027,0,0,51125,1,4,12023,117,7654,4,4334
47606028,0,0,51125,1,4,12023,117,7654,4,4334
47606029,0,0,51125,51125,4,12023,117,7654,4,4334
47606030,0,0,51125,51125,4,12023,117,7654,4,4334
47606031,0,0,51125,51125,4,12023,117,7654,4,4333
47606032,0,0,52522,52522,4,12023,117,7654,4,4333
47606033,0,0,52522,52522,4,12023,117,7654,4,4333
47606737,0,0,0,1,5,12023,117,7654,5,4333
47606738,0,0,0,1,5,12023,117,7654,5,4333
47606739,12025,0,0,1,5,12023,117,7654,5,4333
# MARK w2 tick=47606739
47606740,12025,0,0,1,5,12023,117,7654,5,4333
47606741,0,0,0,1,5,12023,117,7654,5,4333
47606742,0,0,0,1,5,12023,117,7654,5,4333
47606743,0,0,0,1,5,12023,117,7654,5,4333
47606744,0,51125,51125,1,5,12023,117,7654,5,4333
47606745,0,51125,51125,1,5,12023,117,7654,5,4333
47606746,0,51125,51125,1,5,12023,117,7654,5,4333
47606747,0,51125,51125,1,5,12023,117,7654,5,4333
47606748,0,0,51125,1,5,12023,117,7654,5,4333
47606749,0,0,51125,1,5,12023,117,7654,5,4333
47606750,0,0,51125,1,5,12023,117,7654,5,4333
47606751,0,0,51125,51125,5,12023,117,7654,5,4333
47606752,0,0,51125,51125,5,12023,117,7654,5,4334
47606753,0,0,51125,51125,5,12023,117,7654,5,377
47606754,0,0,0,377,5,12023,117,7654,5,377
47606755,0,0,0,377,5,12023,117,7654,5,377
47657448,0,0,0,1,4,12023,117,7654,4,4334
47657449,0,0,0,1,4,12023,117,7654,4,4334
47657450,12025,0,0,1,4,12023,117,7654,4,4334
# MARK w2 tick=47657450
47657451,12025,0,0,1,4,12023,117,7654,4,4334
47657452,0,0,0,1,4,12023,117,7654,4,4334
47657453,0,0,0,1,4,12023,117,7654,4,4334
47657454,0,0,0,1,4,12023,117,7654,4,4334
47657455,0,51125,51125,1,4,12023,117,7654,4,4334
47657456,0,51125,51125,1,4,12023,117,7654,4,4334
47657457,0,51125,51125,1,4,12023,117,7654,4,4334
47657458,0,51125,51125,1,4,12023,117,7654,4,4334
47657459,0,0,51125,1,4,12023,117,7654,4,4334
47657460,0,0,51125,1,4,12023,117,7654,4,4334
47657461,0,0,51125,1,4,12023,117,7654,4,4334
47657462,0,0,51125,51125,4,12023,117,7654,4,4334
47657463,0,0,51125,51125,4,12023,117,7654,4,4334
47657464,0,0,51125,51125,4,12023,117,7654,4,4333
47657465,0,0,52522,52522,4,12023,117,7654,4,4333
47657466,0,0,52522,52522,4,12023,117,7654,4,4333
47663821,0,0,0,1,5,12023,117,7654,5,4333
47663822,0,0,0,1,5,12023,117,7654,5,4333
47663823,12025,0,0,1,5,12023,117,7654,5,4333
# MARK w2 tick=47663823
47663824,12025,0,0,1,5,12023,117,7654,5,4333
47663825,0,0,0,1,5,12023,117,7654,5,4333
47663826,0,0,0,1,5,12023,117,7654,5,4333
47663827,0,0,0,1,5,12023,117,7654,5,4333
47663828,0,51125,51125,1,5,12023,117,7654,5,4333
47663829,0,51125,51125,1,5,12023,117,7654,5,4333
47663830,0,51125,51125,1,5,12023,117,7654,5,4333
47663831,0,51125,51125,1,5,12023,117,7654,5,4333
47663832,0,0,51125,1,5,12023,117,7654,5,4333
47663833,0,0,51125,1,5,12023,117,7654,5,4333
47663834,0,0,51125,1,5,12023,117,7654,5,4333
47663835,0,0,51125,51125,5,12023,117,7654,5,4333
47663836,0,0,51125,51125,5,12023,117,7654,5,4334
47663837,0,0,51125,51125,5,12023,117,7654,5,377
47663838,0,0,0,377,5,12023,117,7654,5,377
47663839,0,0,0,377,5,12023,117,7654,5,377
47731387,0,0,0,1,4,12023,117,7654,4,4334
47731388,0,0,0,1,4,12023,117,7654,4,4334
47731389,12025,0,0,1,4,12023,117,7654,4,4334
# MARK w2 tick=47731389
47731390,12025,0,0,1,4,12023,117,7654,4,4334
47731391,0,0,0,1,4,12023,117,7654,4,4334
47731392,0,0,0,1,4,12023,117,7654,4,4334
47731393,0,0,0,1,4,12023,117,7654,4,4334
47731394,0,51125,51125,1,4,12023,117,7654,4,4334
47731395,0,51125,51125,1,4,12023,117,7654,4,4334
47731396,0,51125,51125,1,4,12023,117,7654,4,4334
47731397,0,51125,51125,1,4,12023,117,7654,4,4334
47731398,0,0,51125,1,4,12023,117,7654,4,4334
47731399,0,0,51125,1,4,12023,117,7654,4,4334
47731400,0,0,51125,1,4,12023,117,7654,4,4334
47731401,0,0,51125,51125,4,12023,117,7654,4,4334
47731402,0,0,51125,51125,4,12023,117,7654,4,4334
47731403,0,0,51125,51125,4,12023,117,7654,4,4333
47731404,0,0,52522,52522,4,12023,117,7654,4,4333
47731405,0,0,52522,52522,4,12023,117,7654,4,4333
47737755,0,0,0,1,5,12023,117,7654,5,4333
47737756,0,0,0,1,5,12023,117,7654,5,4333
47737757,12025,0,0,1,5,12023,117,7654,5,4333
# MARK w2 tick=47737757
47737758,12025,0,0,1,5,12023,117,7654,5,4333
47737759,0,0,0,1,5,12023,117,7654,5,4333
47737760,0,0,0,1,5,12023,117,7654,5,4333
47737761,0,0,0,1,5,12023,117,7654,5,4333
47737762,0,51125,51125,1,5,12023,117,7654,5,4333
47737763,0,51125,51125,1,5,12023,117,7654,5,4333
47737764,0,51125,51125,1,5,12023,117,7654,5,4333
47737765,0,51125,51125,1,5,12023,117,7654,5,4333
47737766,0,0,51125,1,5,12023,117,7654,5,4333
47737767,0,0,51125,1,5,12023,117,7654,5,4333
47737768,0,0,51125,1,5,12023,117,7654,5,4333
47737769,0,0,51125,51125,5,12023,117,7654,5,4333
47737770,0,0,51125,51125,5,12023,117,7654,5,4334
47737771,0,0,51125,51125,5,12023,117,7654,5,377
47737772,0,0,0,377,5,12023,117,7654,5,377
47737773,0,0,0,377,5,12023,117,7654,5,377
47828375,0,0,0,1,4,12023,117,7654,4,4334
47828376,0,0,0,1,4,12023,117,7654,4,4334
47828377,12025,0,0,1,4,12023,117,7654,4,4334
# MARK w2 tick=47828377
47828378,12025,0,0,1,4,12023,117,7654,4,4334
47828379,0,0,0,1,4,12023,117,7654,4,4334
47828380,0,0,0,1,4,12023,117,7654,4,4334
47828381,0,0,0,1,4,12023,117,7654,4,4334
47828382,0,51125,51125,1,4,12023,117,7654,4,4334
47828383,0,51125,51125,1,4,12023,117,7654,4,4334
47828384,0,51125,51125,1,4,12023,117,7654,4,4334
47828385,0,51125,51125,1,4,12023,117,7654,4,4334
47828386,0,0,51125,1,4,12023,117,7654,4,4334
47828387,0,0,51125,1,4,12023,117,7654,4,4334
47828388,0,0,51125,1,4,12023,117,7654,4,4334
47828389,0,0,51125,51125,4,12023,117,7654,4,4334
47828390,0,0,51125,51125,4,12023,117,7654,4,4334
47828391,0,0,51125,51125,4,12023,117,7654,4,4333
47828392,0,0,52522,52522,4,12023,117,7654,4,4333
47828393,0,0,52522,52522,4,12023,117,7654,4,4333
47829101,0,0,0,1,5,12023,117,7654,5,4333
47829102,0,0,0,1,5,12023,117,7654,5,4333
47829103,12025,0,0,1,5,12023,117,7654,5,4333
# MARK w2 tick=47829103
47829104,12025,0,0,1,5,12023,117,7654,5,4333
47829105,0,0,0,1,5,12023,117,7654,5,4333
47829106,0,0,0,1,5,12023,117,7654,5,4333
47829107,0,0,0,1,5,12023,117,7654,5,4333
47829108,0,51125,51125,1,5,12023,117,7654,5,4333
47829109,0,51125,51125,1,5,12023,117,7654,5,4333
47829110,0,51125,51125,1,5,12023,117,7654,5,4333
47829111,0,51125,51125,1,5,12023,117,7654,5,4333
47829112,0,0,51125,1,5,12023,117,7654,5,4333
47829113,0,0,51125,1,5,12023,117,7654,5,4333
47829114,0,0,51125,1,5,12023,117,7654,5,4333
47829115,0,0,51125,51125,5,12023,117,7654,5,4333
47829116,0,0,51125,51125,5,12023,117,7654,5,4334
47829117,0,0,51125,51125,5,12023,117,7654,5,377
47829118,0,0,0,377,5,12023,117,7654,5,377
47829119,0,0,0,377,5,12023,117,7654,5,377
47878775,0,0,0,1,4,12023,117,7654,4,4334
47878776,0,0,0,1,4,12023,117,7654,4,4334
47878777,12025,0,0,1,4,12023,117,7654,4,4334
# MARK w2 tick=47878777
47878778,12025,0,0,1,4,12023,117,7654,4,4334
47878779,0,0,0,1,4,12023,117,7654,4,4334
47878780,0,0,0,1,4,12023,117,7654,4,4334
47878781,0,0,0,1,4,12023,117,7654,4,4334
47878782,0,51125,51125,1,4,12023,117,7654,4,4334
47878783,0,51125,51125,1,4,12023,117,7654,4,4334
47878784,0,51125,51125,1,4,12023,117,7654,4,4334
47878785,0,51125,51125,1,4,12023,117,7654,4,4334
47878786,0,0,51125,1,4,12023,117,7654,4,4334
47878787,0,0,51125,1,4,12023,117,7654,4,4334
47878788,0,0,51125,1,4,12023,117,7654,4,4334
47878789,0,0,51125,51125,4,12023,117,7654,4,4334
47878790,0,0,51125,51125,4,12023,117,7654,4,4334
47878791,0,0,51125,51125,4,12023,117,7654,4,4333
47878792,0,0,52522,52522,4,12023,117,7654,4,4333
47878793,0,0,52522,52522,4,12023,117,7654,4,4333
47879491,0,0,0,1,5,12023,117,7654,5,4333
47879492,0,0,0,1,5,12023,117,7654,5,4333
47879493,12025,0,0,1,5,12023,117,7654,5,4333
# MARK w2 tick=47879493
47879494,12025,0,0,1,5,12023,117,7654,5,4333
47879495,0,0,0,1,5,12023,117,7654,5,4333
47879496,0,0,0,1,5,12023,117,7654,5,4333
47879497,0,0,0,1,5,12023,117,7654,5,4333
47879498,0,51125,51125,1,5,12023,117,7654,5,4333
47879499,0,51125,51125,1,5,12023,117,7654,5,4333
47879500,0,51125,51125,1,5,12023,117,7654,5,4333
47879501,0,51125,51125,1,5,12023,117,7654,5,4333
47879502,0,0,51125,1,5,12023,117,7654,5,4333
47879503,0,0,51125,1,5,12023,117,7654,5,4333
47879504,0,0,51125,1,5,12023,117,7654,5,4333
47879505,0,0,51125,51125,5,12023,117,7654,5,4333
47879506,0,0,51125,51125,5,12023,117,7654,5,4334
47879507,0,0,51125,51125,5,12023,117,7654,5,377
47879508,0,0,0,377,5,12023,117,7654,5,377
47879509,0,0,0,377,5,12023,117,7654,5,377
47960586,0,0,0,1,4,12023,117,7654,4,4334
47960587,0,0,0,1,4,12023,117,7654,4,4334
47960588,12025,0,0,1,4,12023,117,7654,4,4334
# MARK w2 tick=47960588
47960589,12025,0,0,1,4,12023,117,7654,4,4334
47960590,0,0,0,1,4,12023,117,7654,4,4334
47960591,0,0,0,1,4,12023,117,7654,4,4334
47960592,0,0,0,1,4,12023,117,7654,4,4334
47960593,0,51125,51125,1,4,12023,117,7654,4,4334
47960594,0,51125,51125,1,4,12023,117,7654,4,4334
47960595,0,51125,51125,1,4,12023,117,7654,4,4334
47960596,0,51125,51125,1,4,12023,117,7654,4,4334
47960597,0,0,51125,1,4,12023,117,7654,4,4334
47960598,0,0,51125,1,4,12023,117,7654,4,4334
47960599,0,0,51125,1,4,12023,117,7654,4,4334
47960600,0,0,51125,51125,4,12023,117,7654,4,4334
47960601,0,0,51125,51125,4,12023,117,7654,4,4334
47960602,0,0,51125,51125,4,12023,117,7654,4,4333
47960603,0,0,52522,52522,4,12023,117,7654,4,4333
47960604,0,0,52522,52522,4,12023,117,7654,4,4333
47961309,0,0,0,1,5,12023,117,7654,5,4333
47961310,0,0,0,1,5,12023,117,7654,5,4333
47961311,12025,0,0,1,5,12023,117,7654,5,4333
# MARK w2 tick=47961311
47961312,12025,0,0,1,5,12023,117,7654,5,4333
47961313,0,0,0,1,5,12023,117,7654,5,4333
47961314,0,0,0,1,5,12023,117,7654,5,4333
47961315,0,0,0,1,5,12023,117,7654,5,4333
47961316,0,51125,51125,1,5,12023,117,7654,5,4333
47961317,0,51125,51125,1,5,12023,117,7654,5,4333
47961318,0,51125,51125,1,5,12023,117,7654,5,4333
47961319,0,51125,51125,1,5,12023,117,7654,5,4333
47961320,0,0,51125,1,5,12023,117,7654,5,4333
47961321,0,0,51125,1,5,12023,117,7654,5,4333
47961322,0,0,51125,1,5,12023,117,7654,5,4333
47961323,0,0,51125,51125,5,12023,117,7654,5,4333
47961324,0,0,51125,51125,5,12023,117,7654,5,4334
47961325,0,0,51125,51125,5,12023,117,7654,5,377
47961326,0,0,0,377,5,12023,117,7654,5,377
47961327,0,0,0,377,5,12023,117,7654,5,377
48011641,0,0,0,1,4,12023,117,7654,4,4334
48011642,0,0,0,1,4,12023,117,7654,4,4334
48011643,12025,0,0,1,4,12023,117,7654,4,4334
# MARK w2 tick=48011643
48011644,12025,0,0,1,4,12023,117,7654,4,4334
48011645,0,0,0,1,4,12023,117,7654,4,4334
48011646,0,0,0,1,4,12023,117,7654,4,4334
48011647,0,0,0,1,4,12023,117,7654,4,4334
48011648,0,51125,51125,1,4,12023,117,7654,4,4334
48011649,0,51125,51125,1,4,12023,117,7654,4,4334
48011650,0,51125,51125,1,4,12023,117,7654,4,4334
48011651,0,51125,51125,1,4,12023,117,7654,4,4334
48011652,0,0,51125,1,4,12023,117,7654,4,4334
48011653,0,0,51125,1,4,12023,117,7654,4,4334
48011654,0,0,51125,1,4,12023,117,7654,4,4334
48011655,0,0,51125,51125,4,12023,117,7654,4,4334
48011656,0,0,51125,51125,4,12023,117,7654,4,4334
48011657,0,0,51125,51125,4,12023,117,7654,4,4333
48011658,0,0,52522,52522,4,12023,117,7654,4,4333
48011659,0,0,52522,52522,4,12023,117,7654,4,4333
48012913,2431,0,5254,5254,0,0,5254,1147,15,0
48012914,0,0,5254,5254,0,0,5254,1147,15,0
48012915,5254,0,5254,5254,0,0,5254,1147,15,0
# MARK w2 tick=48012915
48012916,5254,0,0,0,0,0,5254,1147,15,0
48012917,5254,0,0,0,0,0,5254,1147,15,0
48012918,5254,0,0,0,0,0,5254,1147,15,2001
48012919,5254,0,0,0,0,0,5254,1147,15,16445
48012920,5254,0,0,0,0,0,5254,1147,15,16445
48012921,5254,0,0,0,0,0,5254,1147,15,0
48012922,0,0,0,0,0,0,5254,1147,15,0
48012923,2445,0,0,0,0,0,5254,1147,15,0
48012924,2445,0,0,0,0,0,5254,1147,15,6000
48012925,0,0,0,0,0,0,5254,1147,15,6000
48012926,0,0,0,0,0,0,5254,1147,15,6000
48012927,0,0,0,0,0,0,5254,1147,15,6000
48012928,0,40354,40354,0,0,0,5254,1147,15,6403
48012929,0,40354,40354,0,0,0,5254,1147,15,6403
48012930,0,40354,40354,0,0,0,5254,1147,15,6403
48012931,0,40354,40354,0,0,0,5254,1147,15,6403
48018020,0,0,0,1,5,12023,117,7654,5,4333
48018021,0,0,0,1,5,12023,117,7654,5,4333
48018022,12025,0,0,1,5,12023,117,7654,5,4333
# MARK w2 tick=48018022
48018023,12025,0,0,1,5,12023,117,7654,5,4333
48018024,0,0,0,1,5,12023,117,7654,5,4333
48018025,0,0,0,1,5,12023,117,7654,5,4333
48018026,0,0,0,1,5,12023,117,7654,5,4333
48018027,0,51125,51125,1,5,12023,117,7654,5,4333
48018028,0,51125,51125,1,5,12023,117,7654,5,4333
48018029,0,51125,51125,1,5,12023,117,7654,5,4333
48018030,0,51125,51125,1,5,12023,117,7654,5,4333
48018031,0,0,51125,1,5,12023,117,7654,5,4333
48018032,0,0,51125,1,5,12023,117,7654,5,4333
48018033,0,0,51125,1,5,12023,117,7654,5,4333
48018034,0,0,51125,51125,5,12023,117,7654,5,4333
48018035,0,0,51125,51125,5,12023,117,7654,5,4334
48018036,0,0,51125,51125,5,12023,117,7654,5,377
48018037,0,0,0,377,5,12023,117,7654,5,377
48018038,0,0,0,377,5,12023,117,7654,5,377
48084138,0,0,0,1,4,12023,117,7654,4,4334
48084139,0,0,0,1,4,12023,117,7654,4,4334
48084140,12025,0,0,1,4,12023,117,7654,4,4334
# MARK w2 tick=48084140
48084141,12025,0,0,1,4,12023,117,7654,4,4334
48084142,0,0,0,1,4,12023,117,7654,4,4334
48084143,0,0,0,1,4,12023,117,7654,4,4334
48084144,0,0,0,1,4,12023,117,7654,4,4334
48084145,0,51125,51125,1,4,12023,117,7654,4,4334
48084146,0,51125,51125,1,4,12023,117,7654,4,4334
48084147,0,51125,51125,1,4,12023,117,7654,4,4334
48084148,0,51125,51125,1,4,12023,117,7654,4,4334
48084149,0,0,51125,1,4,12023,117,7654,4,4334
48084150,0,0,51125,1,4,12023,117,7654,4,4334
48084151,0,0,51125,1,4,12023,117,7654,4,4334
48084152,0,0,51125,51125,4,12023,117,7654,4,4334
48084153,0,0,51125,51125,4,12023,117,7654,4,4334
48084154,0,0,51125,51125,4,12023,117,7654,4,4333
48084155,0,0,52522,52522,4,12023,117,7654,4,4333
48084156,0,0,52522,52522,4,12023,117,7654,4,4333
48084854,0,0,0,1,5,12023,117,7654,5,4333
48084855,0,0,0,1,5,12023,117,7654,5,4333
48084856,12025,0,0,1,5,12023,117,7654,5,4333
# MARK w2 tick=48084856
48084857,12025,0,0,1,5,12023,117,7654,5,4333
48084858,0,0,0,1,5,12023,117,7654,5,4333
48084859,0,0,0,1,5,12023,117,7654,5,4333
48084860,0,0,0,1,5,12023,117,7654,5,4333
48084861,0,51125,51125,1,5,12023,117,7654,5,4333
48084862,0,51125,51125,1,5,12023,117,7654,5,4333
48084863,0,51125,51125,1,5,12023,117,7654,5,4333
48084864,0,51125,51125,1,5,12023,117,7654,5,4333
48084865,0,0,51125,1,5,12023,117,7654,5,4333
48084866,0,0,51125,1,5,12023,117,7654,5,4333
48084867,0,0,51125,1,5,12023,117,7654,5,4333
48084868,0,0,51125,51125,5,12023,117,7654,5,4333
48084869,0,0,51125,51125,5,12023,117,7654,5,4334
48084870,0,0,51125,51125,5,12023,117,7654,5,377
48084871,0,0,0,377,5,12023,117,7654,5,377
48084872,0,0,0,377,5,12023,117,7654,5,377
48151668,0,0,0,1,4,12023,117,7654,4,4334
48151669,0,0,0,1,4,12023,117,7654,4,4334
48151670,12025,0,0,1,4,12023,117,7654,4,4334
# MARK w2 tick=48151670
48151671,12025,0,0,1,4,12023,117,7654,4,4334
48151672,0,0,0,1,4,12023,117,7654,4,4334
48151673,0,0,0,1,4,12023,117,7654,4,4334
48151674,0,0,0,1,4,12023,117,7654,4,4334
48151675,0,51125,51125,1,4,12023,117,7654,4,4334
48151676,0,51125,51125,1,4,12023,117,7654,4,4334
48151677,0,51125,51125,1,4,12023,117,7654,4,4334
48151678,0,51125,51125,1,4,12023,117,7654,4,4334
48151679,0,0,51125,1,4,12023,117,7654,4,4334
48151680,0,0,51125,1,4,12023,117,7654,4,4334
48151681,0,0,51125,1,4,12023,117,7654,4,4334
48151682,0,0,51125,51125,4,12023,117,7654,4,4334
48151683,0,0,51125,51125,4,12023,117,7654,4,4334
48151684,0,0,51125,51125,4,12023,117,7654,4,4333
48151685,0,0,52522,52522,4,12023,117,7654,4,4333
48151686,0,0,52522,52522,4,12023,117,7654,4,4333
48158040,0,0,0,1,5,12023,117,7654,5,4333
48158041,0,0,0,1,5,12023,117,7654,5,4333
48158042,12025,0,0,1,5,12023,117,7654,5,4333
# MARK w2 tick=48158042
48158043,12025,0,0,1,5,12023,117,7654,5,4333
48158044,0,0,0,1,5,12023,117,7654,5,4333
48158045,0,0,0,1,5,12023,117,7654,5,4333
48158046,0,0,0,1,5,12023,117,7654,5,4333
48158047,0,51125,51125,1,5,12023,117,7654,5,4333
48158048,0,51125,51125,1,5,12023,117,7654,5,4333
48158049,0,51125,51125,1,5,12023,117,7654,5,4333
48158050,0,51125,51125,1,5,12023,117,7654,5,4333
48158051,0,0,51125,1,5,12023,117,7654,5,4333
48158052,0,0,51125,1,5,12023,117,7654,5,4333
48158053,0,0,51125,1,5,12023,117,7654,5,4333
48158054,0,0,51125,51125,5,12023,117,7654,5,4333
48158055,0,0,51125,51125,5,12023,117,7654,5,4334
48158056,0,0,51125,51125,5,12023,117,7654,5,377
48158057,0,0,0,377,5,12023,117,7654,5,377
48158058,0,0,0,377,5,12023,117,7654,5,377
48232249,0,0,0,1,4,12023,117,7654,4,4334
48232250,0,0,0,1,4,12023,117,7654,4,4334
48232251,12025,0,0,1,4,12023,117,7654,4,4334
# MARK w2 tick=48232251
48232252,12025,0,0,1,4,12023,117,7654,4,4334
48232253,0,0,0,1,4,12023,117,7654,4,4334
48232254,0,0,0,1,4,12023,117,7654,4,4334
48232255,0,0,0,1,4,12023,117,7654,4,4334
48232256,0,51125,51125,1,4,12023,117,7654,4,4334
48232257,0,51125,51125,1,4,12023,117,7654,4,4334
48232258,0,51125,51125,1,4,12023,117,7654,4,4334
48232259,0,51125,51125,1,4,12023,117,7654,4,4334
48232260,0,0,51125,1,4,12023,117,7654,4,4334
48232261,0,0,51125,1,4,12023,117,7654,4,4334
48232262,0,0,51125,1,4,12023,117,7654,4,4334
48232263,0,0,51125,51125,4,12023,117,7654,4,4334
48232264,0,0,51125,51125,4,12023,117,7654,4,4334
48232265,0,0,51125,51125,4,12023,117,7654,4,4333
48232266,0,0,52522,52522,4,12023,117,7654,4,4333
48232267,0,0,52522,52522,4,12023,117,7654,4,4333
48232967,0,0,0,1,5,12023,117,7654,5,4333
48232968,0,0,0,1,5,12023,117,7654,5,4333
48232969,12025,0,0,1,5,12023,117,7654,5,4333
# MARK w2 tick=48232969
48232970,12025,0,0,1,5,12023,117,7654,5,4333
48232971,0,0,0,1,5,12023,117,7654,5,4333
48232972,0,0,0,1,5,12023,117,7654,5,4333
48232973,0,0,0,1,5,12023,117,7654,5,4333
48232974,0,51125,51125,1,5,12023,117,7654,5,4333
48232975,0,51125,51125,1,5,12023,117,7654,5,4333
48232976,0,51125,51125,1,5,12023,117,7654,5,4333
48232977,0,51125,51125,1,5,12023,117,7654,5,4333
48232978,0,0,51125,1,5,12023,117,7654,5,4333
48232979,0,0,51125,1,5,12023,117,7654,5,4333
48232980,0,0,51125,1,5,12023,117,7654,5,4333
48232981,0,0,51125,51125,5,12023,117,7654,5,4333
48232982,0,0,51125,51125,5,12023,117,7654,5,4334
48232983,0,0,51125,51125,5,12023,117,7654,5,377
48232984,0,0,0,377,5,12023,117,7654,5,377
48232985,0,0,0,377,5,12023,117,7654,5,377
48306233,0,0,0,1,4,12023,117,7654,4,4334
48306234,0,0,0,1,4,12023,117,7654,4,4334
48306235,12025,0,0,1,4,12023,117,7654,4,4334
# MARK w2 tick=48306235
48306236,12025,0,0,1,4,12023,117,7654,4,4334
48306237,0,0,0,1,4,12023,117,7654,4,4334
48306238,0,0,0,1,4,12023,117,7654,4,4334
48306239,0,0,0,1,4,12023,117,7654,4,4334
48306240,0,51125,51125,1,4,12023,117,7654,4,4334
48306241,0,51125,51125,1,4,12023,117,7654,4,4334
48306242,0,51125,51125,1,4,12023,117,7654,4,4334
48306243,0,51125,51125,1,4,12023,117,7654,4,4334
48306244,0,0,51125,1,4,12023,117,7654,4,4334
48306245,0,0,51125,1,4,12023,117,7654,4,4334
48306246,0,0,51125,1,4,12023,117,7654,4,4334
48306247,0,0,51125,51125,4,12023,117,7654,4,4334
48306248,0,0,51125,51125,4,12023,117,7654,4,4334
48306249,0,0,51125,51125,4,12023,117,7654,4,4333
48306250,0,0,52522,52522,4,12023,117,7654,4,4333
48306251,0,0,52522,52522,4,12023,117,7654,4,4333
48306951,0,0,0,1,5,12023,117,7654,5,4333
48306952,0,0,0,1,5,12023,117,7654,5,4333
48306953,12025,0,0,1,5,12023,117,7654,5,4333
# MARK w2 tick=48306953
48306954,12025,0,0,1,5,12023,117,7654,5,4333
48306955,0,0,0,1,5,12023,117,7654,5,4333
48306956,0,0,0,1,5,12023,117,7654,5,4333
48306957,0,0,0,1,5,12023,117,7654,5,4333
48306958,0,51125,51125,1,5,12023,117,7654,5,4333
48306959,0,51125,51125,1,5,12023,117,7654,5,4333
48306960,0,51125,51125,1,5,12023,117,7654,5,4333
48306961,0,51125,51125,1,5,12023,117,7654,5,4333
48306962,0,0,51125,1,5,12023,117,7654,5,4333
48306963,0,0,51125,1,5,12023,117,7654,5,4333
48306964,0,0,51125,1,5,12023,117,7654,5,4333
48306965,0,0,51125,51125,5,12023,117,7654,5,4333
48306966,0,0,51125,51125,5,12023,117,7654,5,4334
48306967,0,0,51125,51125,5,12023,117,7654,5,377
48306968,0,0,0,377,5,12023,117,7654,5,377
48306969,0,0,0,377,5,12023,117,7654,5,377
48374561,0,0,0,1,4,12023,117,7654,4,4334
48374562,0,0,0,1,4,12023,117,7654,4,4334
48374563,12025,0,0,1,4,12023,117,7654,4,4334
# MARK w2 tick=48374563
48374564,12025,0,0,1,4,12023,117,7654,4,4334
48374565,0,0,0,1,4,12023,117,7654,4,4334
48374566,0,0,0,1,4,12023,117,7654,4,4334
48374567,0,0,0,1,4,12023,117,7654,4,4334
48374568,0,51125,51125,1,4,12023,117,7654,4,4334
48374569,0,51125,51125,1,4,12023,117,7654,4,4334
48374570,0,51125,51125,1,4,12023,117,7654,4,4334
48374571,0,51125,51125,1,4,12023,117,7654,4,4334
48374572,0,0,51125,1,4,12023,117,7654,4,4334
48374573,0,0,51125,1,4,12023,117,7654,4,4334
48374574,0,0,51125,1,4,12023,117,7654,4,4334
48374575,0,0,51125,51125,4,12023,117,7654,4,4334
48374576,0,0,51125,51125,4,12023,117,7654,4,4334
48374577,0,0,51125,51125,4,12023,117,7654,4,4333
48374578,0,0,52522,52522,4,12023,117,7654,4,4333
48374579,0,0,52522,52522,4,12023,117,7654,4,4333
48380938,0,0,0,1,5,12023,117,7654,5,4333
48380939,0,0,0,1,5,12023,117,7654,5,4333
48380940,12025,0,0,1,5,12023,117,7654,5,4333
# MARK w2 tick=48380940
48380941,12025,0,0,1,5,12023,117,7654,5,4333
48380942,0,0,0,1,5,12023,117,7654,5,4333
48380943,0,0,0,1,5,12023,117,7654,5,4333
48380944,0,0,0,1,5,12023,117,7654,5,4333
48380945,0,51125,51125,1,5,12023,117,7654,5,4333
48380946,0,51125,51125,1,5,12023,117,7654,5,4333
48380947,0,51125,51125,1,5,12023,117,7654,5,4333
48380948,0,51125,51125,1,5,12023,117,7654,5,4333
48380949,0,0,51125,1,5,12023,117,7654,5,4333
48380950,0,0,51125,1,5,12023,117,7654,5,4333
48380951,0,0,51125,1,5,12023,117,7654,5,4333
48380952,0,0,51125,51125,5,12023,117,7654,5,4333
48380953,0,0,51125,51125,5,12023,117,7654,5,4334
48380954,0,0,51125,51125,5,12023,117,7654,5,377
48380955,0,0,0,377,5,12023,117,7654,5,377
48380956,0,0,0,377,5,12023,117,7654,5,377
48431342,0,0,0,1,4,12023,117,7654,4,4334
48431343,0,0,0,1,4,12023,117,7654,4,4334
48431344,12025,0,0,1,4,12023,117,7654,4,4334
# MARK w2 tick=48431344
48431345,12025,0,0,1,4,12023,117,7654,4,4334
48431346,0,0,0,1,4,12023,117,7654,4,4334
48431347,0,0,0,1,4,12023,117,7654,4,4334
48431348,0,0,0,1,4,12023,117,7654,4,4334
48431349,0,51125,51125,1,4,12023,117,7654,4,4334
48431350,0,51125,51125,1,4,12023,117,7654,4,4334
48431351,0,51125,51125,1,4,12023,117,7654,4,4334
48431352,0,51125,51125,1,4,12023,117,7654,4,4334
48431353,0,0,51125,1,4,12023,117,7654,4,4334
48431354,0,0,51125,1,4,12023,117,7654,4,4334
48431355,0,0,51125,1,4,12023,117,7654,4,4334
48431356,0,0,51125,51125,4,12023,117,7654,4,4334
48431357,0,0,51125,51125,4,12023,117,7654,4,4334
48431358,0,0,51125,51125,4,12023,117,7654,4,4333
48431359,0,0,52522,52522,4,12023,117,7654,4,4333
48431360,0,0,52522,52522,4,12023,117,7654,4,4333
48432064,0,0,0,1,5,12023,117,7654,5,4333
48432065,0,0,0,1,5,12023,117,7654,5,4333
48432066,12025,0,0,1,5,12023,117,7654,5,4333
# MARK w2 tick=48432066
48432067,12025,0,0,1,5,12023,117,7654,5,4333
48432068,0,0,0,1,5,12023,117,7654,5,4333
48432069,0,0,0,1,5,12023,117,7654,5,4333
48432070,0,0,0,1,5,12023,117,7654,5,4333
48432071,0,51125,51125,1,5,12023,117,7654,5,4333
48432072,0,51125,51125,1,5,12023,117,7654,5,4333
48432073,0,51125,51125,1,5,12023,117,7654,5,4333
48432074,0,51125,51125,1,5,12023,117,7654,5,4333
48432075,0,0,51125,1,5,12023,117,7654,5,4333
48432076,0,0,51125,1,5,12023,117,7654,5,4333
48432077,0,0,51125,1,5,12023,117,7654,5,4333
48432078,0,0,51125,51125,5,12023,117,7654,5,4333
48432079,0,0,51125,51125,5,12023,117,7654,5,4334
48432080,0,0,51125,51125,5,12023,117,7654,5,377
48432081,0,0,0,377,5,12023,117,7654,5,377
48432082,0,0,0,377,5,12023,117,7654,5,377
48504121,0,0,0,1,4,12023,117,7654,4,4334
48504122,0,0,0,1,4,12023,117,7654,4,4334
48504123,12025,0,0,1,4,12023,117,7654,4,4334
# MARK w2 tick=48504123
48504124,12025,0,0,1,4,12023,117,7654,4,4334
48504125,0,0,0,1,4,12023,117,7654,4,4334
48504126,0,0,0,1,4,12023,117,7654,4,4334
48504127,0,0,0,1,4,12023,117,7654,4,4334
48504128,0,51125,51125,1,4,12023,117,7654,4,4334
48504129,0,51125,51125,1,4,12023,117,7654,4,4334
48504130,0,51125,51125,1,4,12023,117,7654,4,4334
48504131,0,51125,51125,1,4,12023,117,7654,4,4334
48504132,0,0,51125,1,4,12023,117,7654,4,4334
48504133,0,0,51125,1,4,12023,117,7654,4,4334
48504134,0,0,51125,1,4,12023,117,7654,4,4334
48504135,0,0,51125,51125,4,12023,117,7654,4,4334
48504136,0,0,51125,51125,4,12023,117,7654,4,4334
48504137,0,0,51125,51125,4,12023,117,7654,4,4333
48504138,0,0,52522,52522,4,12023,117,7654,4,4333
48504139,0,0,52522,52522,4,12023,117,7654,4,4333
48504839,0,0,0,1,5,12023,117,7654,5,4333
48504840,0,0,0,1,5,12023,117,7654,5,4333
48504841,12025,0,0,1,5,12023,117,7654,5,4333
# MARK w2 tick=48504841
48504842,12025,0,0,1,5,12023,117,7654,5,4333
48504843,0,0,0,1,5,12023,117,7654,5,4333
48504844,0,0,0,1,5,12023,117,7654,5,4333
48504845,0,0,0,1,5,12023,117,7654,5,4333
48504846,0,51125,51125,1,5,12023,117,7654,5,4333
48504847,0,51125,51125,1,5,12023,117,7654,5,4333
48504848,0,51125,51125,1,5,12023,117,7654,5,4333
48504849,0,51125,51125,1,5,12023,117,7654,5,4333
48504850,0,0,51125,1,5,12023,117,7654,5,4333
48504851,0,0,51125,1,5,12023,117,7654,5,4333
48504852,0,0,51125,1,5,12023,117,7654,5,4333
48504853,0,0,51125,51125,5,12023,117,7654,5,4333
48504854,0,0,51125,51125,5,12023,117,7654,5,4334
48504855,0,0,51125,51125,5,12023,117,7654,5,377
48504856,0,0,0,377,5,12023,117,7654,5,377
48504857,0,0,0,377,5,12023,117,7654,5,377
48579069,0,0,0,1,4,12023,117,7654,4,4334
48579070,0,0,0,1,4,12023,117,7654,4,4334
48579071,12025,0,0,1,4,12023,117,7654,4,4334
# MARK w2 tick=48579071
48579072,12025,0,0,1,4,12023,117,7654,4,4334
48579073,0,0,0,1,4,12023,117,7654,4,4334
48579074,0,0,0,1,4,12023,117,7654,4,4334
48579075,0,0,0,1,4,12023,117,7654,4,4334
48579076,0,51125,51125,1,4,12023,117,7654,4,4334
48579077,0,51125,51125,1,4,12023,117,7654,4,4334
48579078,0,51125,51125,1,4,12023,117,7654,4,4334
48579079,0,51125,51125,1,4,12023,117,7654,4,4334
48579080,0,0,51125,1,4,12023,117,7654,4,4334
48579081,0,0,51125,1,4,12023,117,7654,4,4334
48579082,0,0,51125,1,4,12023,117,7654,4,4334
48579083,0,0,51125,51125,4,12023,117,7654,4,4334
48579084,0,0,51125,51125,4,12023,117,7654,4,4334
48579085,0,0,51125,51125,4,12023,117,7654,4,4333
48579086,0,0,52522,52522,4,12023,117,7654,4,4333
48579087,0,0,52522,52522,4,12023,117,7654,4,4333
48579788,0,0,0,1,5,12023,117,7654,5,4333
48579789,0,0,0,1,5,12023,117,7654,5,4333
48579790,12025,0,0,1,5,12023,117,7654,5,4333
# MARK w2 tick=48579790
48579791,12025,0,0,1,5,12023,117,7654,5,4333
48579792,0,0,0,1,5,12023,117,7654,5,4333
48579793,0,0,0,1,5,12023,117,7654,5,4333
48579794,0,0,0,1,5,12023,117,7654,5,4333
48579795,0,51125,51125,1,5,12023,117,7654,5,4333
48579796,0,51125,51125,1,5,12023,117,7654,5,4333
48579797,0,51125,51125,1,5,12023,117,7654,5,4333
48579798,0,51125,51125,1,5,12023,117,7654,5,4333
48579799,0,0,51125,1,5,12023,117,7654,5,4333
48579800,0,0,51125,1,5,12023,117,7654,5,4333
48579801,0,0,51125,1,5,12023,117,7654,5,4333
48579802,0,0,51125,51125,5,12023,117,7654,5,4333
48579803,0,0,51125,51125,5,12023,117,7654,5,4334
48579804,0,0,51125,51125,5,12023,117,7654,5,377
48579805,0,0,0,377,5,12023,117,7654,5,377
48579806,0,0,0,377,5,12023,117,7654,5,377
48653977,0,0,0,1,4,12023,117,7654,4,4334
48653978,0,0,0,1,4,12023,117,7654,4,4334
48653979,12025,0,0,1,4,12023,117,7654,4,4334
# MARK w2 tick=48653979
48653980,12025,0,0,1,4,12023,117,7654,4,4334
48653981,0,0,0,1,4,12023,117,7654,4,4334
48653982,0,0,0,1,4,12023,117,7654,4,4334
48653983,0,0,0,1,4,12023,117,7654,4,4334
48653984,0,51125,51125,1,4,12023,117,7654,4,4334
48653985,0,51125,51125,1,4,12023,117,7654,4,4334
48653986,0,51125,51125,1,4,12023,117,7654,4,4334
48653987,0,51125,51125,1,4,12023,117,7654,4,4334
48653988,0,0,51125,1,4,12023,117,7654,4,4334
48653989,0,0,51125,1,4,12023,117,7654,4,4334
48653990,0,0,51125,1,4,12023,117,7654,4,4334
48653991,0,0,51125,51125,4,12023,117,7654,4,4334
48653992,0,0,51125,51125,4,12023,117,7654,4,4334
48653993,0,0,51125,51125,4,12023,117,7654,4,4333
48653994,0,0,52522,52522,4,12023,117,7654,4,4333
48653995,0,0,52522,52522,4,12023,117,7654,4,4333
48660350,0,0,0,1,5,12023,117,7654,5,4333
48660351,0,0,0,1,5,12023,117,7654,5,4333
48660352,12025,0,0,1,5,12023,117,7654,5,4333
# MARK w2 tick=48660352
48660353,12025,0,0,1,5,12023,117,7654,5,4333
48660354,0,0,0,1,5,12023,117,7654,5,4333
48660355,0,0,0,1,5,12023,117,7654,5,4333
48660356,0,0,0,1,5,12023,117,7654,5,4333
48660357,0,51125,51125,1,5,12023,117,7654,5,4333
48660358,0,51125,51125,1,5,12023,117,7654,5,4333
48660359,0,51125,51125,1,5,12023,117,7654,5,4333
48660360,0,51125,51125,1,5,12023,117,7654,5,4333
48660361,0,0,51125,1,5,12023,117,7654,5,4333
48660362,0,0,51125,1,5,12023,117,7654,5,4333
48660363,0,0,51125,1,5,12023,117,7654,5,4333
48660364,0,0,51125,51125,5,12023,117,7654,5,4333
48660365,0,0,51125,51125,5,12023,117,7654,5,4334
48660366,0,0,51125,51125,5,12023,117,7654,5,377
48660367,0,0,0,377,5,12023,117,7654,5,377
48660368,0,0,0,377,5,12023,117,7654,5,377
48760160,0,0,0,1,4,12023,117,7654,4,4334
48760161,0,0,0,1,4,12023,117,7654,4,4334
48760162,12025,0,0,1,4,12023,117,7654,4,4334
# MARK w2 tick=48760162
48760163,12025,0,0,1,4,12023,117,7654,4,4334
48760164,0,0,0,1,4,12023,117,7654,4,4334
48760165,0,0,0,1,4,12023,117,7654,4,4334
48760166,0,0,0,1,4,12023,117,7654,4,4334
48760167,0,51125,51125,1,4,12023,117,7654,4,4334
48760168,0,51125,51125,1,4,12023,117,7654,4,4334
48760169,0,51125,51125,1,4,12023,117,7654,4,4334
48760170,0,51125,51125,1,4,12023,117,7654,4,4334
48760171,0,0,51125,1,4,12023,117,7654,4,4334
48760172,0,0,51125,1,4,12023,117,7654,4,4334
48760173,0,0,51125,1,4,12023,117,7654,4,4334
48760174,0,0,51125,51125,4,12023,117,7654,4,4334
48760175,0,0,51125,51125,4,12023,117,7654,4,4334
48760176,0,0,51125,51125,4,12023,117,7654,4,4333
48760177,0,0,52522,52522,4,12023,117,7654,4,4333
48760178,0,0,52522,52522,4,12023,117,7654,4,4333
48760878,0,0,0,1,5,12023,117,7654,5,4333
48760879,0,0,0,1,5,12023,117,7654,5,4333
48760880,12025,0,0,1,5,12023,117,7654,5,4333
# MARK w2 tick=48760880
48760881,12025,0,0,1,5,12023,117,7654,5,4333
48760882,0,0,0,1,5,12023,117,7654,5,4333
48760883,0,0,0,1,5,12023,117,7654,5,4333
48760884,0,0,0,1,5,12023,117,7654,5,4333
48760885,0,51125,51125,1,5,12023,117,7654,5,4333
48760886,0,51125,51125,1,5,12023,117,7654,5,4333
48760887,0,51125,51125,1,5,12023,117,7654,5,4333
48760888,0,51125,51125,1,5,12023,117,7654,5,4333
48760889,0,0,51125,1,5,12023,117,7654,5,4333
48760890,0,0,51125,1,5,12023,117,7654,5,4333
48760891,0,0,51125,1,5,12023,117,7654,5,4333
48760892,0,0,51125,51125,5,12023,117,7654,5,4333
48760893,0,0,51125,51125,5,12023,117,7654,5,4334
48760894,0,0,51125,51125,5,12023,117,7654,5,377
48760895,0,0,0,377,5,12023,117,7654,5,377
48760896,0,0,0,377,5,12023,117,7654,5,377
48866191,0,0,0,1,4,12023,117,7654,4,4334
48866192,0,0,0,1,4,12023,117,7654,4,4334
48866193,12025,0,0,1,4,12023,117,7654,4,4334
# MARK w2 tick=48866193
48866194,12025,0,0,1,4,12023,117,7654,4,4334
48866195,0,0,0,1,4,12023,117,7654,4,4334
48866196,0,0,0,1,4,12023,117,7654,4,4334
48866197,0,0,0,1,4,12023,117,7654,4,4334
48866198,0,51125,51125,1,4,12023,117,7654,4,4334
48866199,0,51125,51125,1,4,12023,117,7654,4,4334
48866200,0,51125,51125,1,4,12023,117,7654,4,4334
48866201,0,51125,51125,1,4,12023,117,7654,4,4334
48866202,0,0,51125,1,4,12023,117,7654,4,4334
48866203,0,0,51125,1,4,12023,117,7654,4,4334
48866204,0,0,51125,1,4,12023,117,7654,4,4334
48866205,0,0,51125,51125,4,12023,117,7654,4,4334
48866206,0,0,51125,51125,4,12023,117,7654,4,4334
48866207,0,0,51125,51125,4,12023,117,7654,4,4333
48866208,0,0,52522,52522,4,12023,117,7654,4,4333
48866209,0,0,52522,52522,4,12023,117,7654,4,4333
48866924,0,0,0,1,5,12023,117,7654,5,4333
48866925,0,0,0,1,5,12023,117,7654,5,4333
48866926,12025,0,0,1,5,12023,117,7654,5,4333
# MARK w2 tick=48866926
48866927,12025,0,0,1,5,12023,117,7654,5,4333
48866928,0,0,0,1,5,12023,117,7654,5,4333
48866929,0,0,0,1,5,12023,117,7654,5,4333
48866930,0,0,0,1,5,12023,117,7654,5,4333
48866931,0,51125,51125,1,5,12023,117,7654,5,4333
48866932,0,51125,51125,1,5,12023,117,7654,5,4333
48866933,0,51125,51125,1,5,12023,117,7654,5,4333
48866934,0,51125,51125,1,5,12023,117,7654,5,4333
48866935,0,0,51125,1,5,12023,117,7654,5,4333
48866936,0,0,51125,1,5,12023,117,7654,5,4333
48866937,0,0,51125,1,5,12023,117,7654,5,4333
48866938,0,0,51125,51125,5,12023,117,7654,5,4333
48866939,0,0,51125,51125,5,12023,117,7654,5,4334
48866940,0,0,51125,51125,5,12023,117,7654,5,377
48866941,0,0,0,377,5,12023,117,7654,5,377
48866942,0,0,0,377,5,12023,117,7654,5,377
48948759,0,0,0,1,4,12023,117,7654,4,4334
48948760,0,0,0,1,4,12023,117,7654,4,4334
48948761,12025,0,0,1,4,12023,117,7654,4,4334
# MARK w2 tick=48948761
48948762,12025,0,0,1,4,12023,117,7654,4,4334
48948763,0,0,0,1,4,12023,117,7654,4,4334
48948764,0,0,0,1,4,12023,117,7654,4,4334
48948765,0,0,0,1,4,12023,117,7654,4,4334
48948766,0,51125,51125,1,4,12023,117,7654,4,4334
48948767,0,51125,51125,1,4,12023,117,7654,4,4334
48948768,0,51125,51125,1,4,12023,117,7654,4,4334
48948769,0,51125,51125,1,4,12023,117,7654,4,4334
48948770,0,0,51125,1,4,12023,117,7654,4,4334
48948771,0,0,51125,1,4,12023,117,7654,4,4334
48948772,0,0,51125,1,4,12023,117,7654,4,4334
48948773,0,0,51125,51125,4,12023,117,7654,4,4334
48948774,0,0,51125,51125,4,12023,117,7654,4,4334
48948775,0,0,51125,51125,4,12023,117,7654,4,4333
48948776,0,0,52522,52522,4,12023,117,7654,4,4333
48948777,0,0,52522,52522,4,12023,117,7654,4,4333
48949477,0,0,0,1,5,12023,117,7654,5,4333
48949478,0,0,0,1,5,12023,117,7654,5,4333
48949479,12025,0,0,1,5,12023,117,7654,5,4333
# MARK w2 tick=48949479
48949480,12025,0,0,1,5,12023,117,7654,5,4333
48949481,0,0,0,1,5,12023,117,7654,5,4333
48949482,0,0,0,1,5,12023,117,7654,5,4333
48949483,0,0,0,1,5,12023,117,7654,5,4333
48949484,0,51125,51125,1,5,12023,117,7654,5,4333
48949485,0,51125,51125,1,5,12023,117,7654,5,4333
48949486,0,51125,51125,1,5,12023,117,7654,5,4333
48949487,0,51125,51125,1,5,12023,117,7654,5,4333
48949488,0,0,51125,1,5,12023,117,7654,5,4333
48949489,0,0,51125,1,5,12023,117,7654,5,4333
48949490,0,0,51125,1,5,12023,117,7654,5,4333
48949491,0,0,51125,51125,5,12023,117,7654,5,4333
48949492,0,0,51125,51125,5,12023,117,7654,5,4334
48949493,0,0,51125,51125,5,12023,117,7654,5,377
48949494,0,0,0,377,5,12023,117,7654,5,377
48949495,0,0,0,377,5,12023,117,7654,5,377
49033002,0,0,0,1,4,12023,117,7654,4,4334
49033003,0,0,0,1,4,12023,117,7654,4,4334
49033004,12025,0,0,1,4,12023,117,7654,4,4334
# MARK w2 tick=49033004
49033005,12025,0,0,1,4,12023,117,7654,4,4334
49033006,0,0,0,1,4,12023,117,7654,4,4334
49033007,0,0,0,1,4,12023,117,7654,4,4334
49033008,0,0,0,1,4,12023,117,7654,4,4334
49033009,0,51125,51125,1,4,12023,117,7654,4,4334
49033010,0,51125,51125,1,4,12023,117,7654,4,4334
49033011,0,51125,51125,1,4,12023,117,7654,4,4334
49033012,0,51125,51125,1,4,12023,117,7654,4,4334
49033013,0,0,51125,1,4,12023,117,7654,4,4334
49033014,0,0,51125,1,4,12023,117,7654,4,4334
49033015,0,0,51125,1,4,12023,117,7654,4,4334
49033016,0,0,51125,51125,4,12023,117,7654,4,4334
49033017,0,0,51125,51125,4,12023,117,7654,4,4334
49033018,0,0,51125,51125,4,12023,117,7654,4,4333
49033019,0,0,52522,52522,4,12023,117,7654,4,4333
49033020,0,0,52522,52522,4,12023,117,7654,4,4333
49039385,0,0,0,1,5,12023,117,7654,5,4333
49039386,0,0,0,1,5,12023,117,7654,5,4333
49039387,12025,0,0,1,5,12023,117,7654,5,4333
# MARK w2 tick=49039387
49039388,12025,0,0,1,5,12023,117,7654,5,4333
49039389,0,0,0,1,5,12023,117,7654,5,4333
49039390,0,0,0,1,5,12023,117,7654,5,4333
49039391,0,0,0,1,5,12023,117,7654,5,4333
49039392,0,51125,51125,1,5,12023,117,7654,5,4333
49039393,0,51125,51125,1,5,12023,117,7654,5,4333
49039394,0,51125,51125,1,5,12023,117,7654,5,4333
49039395,0,51125,51125,1,5,12023,117,7654,5,4333
49039396,0,0,51125,1,5,12023,117,7654,5,4333
49039397,0,0,51125,1,5,12023,117,7654,5,4333
49039398,0,0,51125,1,5,12023,117,7654,5,4333
49039399,0,0,51125,51125,5,12023,117,7654,5,4333
49039400,0,0,51125,51125,5,12023,117,7654,5,4334
49039401,0,0,51125,51125,5,12023,117,7654,5,377
49039402,0,0,0,377,5,12023,117,7654,5,377
49039403,0,0,0,377,5,12023,117,7654,5,377
49114004,0,0,0,1,4,12023,117,7654,4,4334
49114005,0,0,0,1,4,12023,117,7654,4,4334
49114006,12025,0,0,1,4,12023,117,7654,4,4334
# MARK w2 tick=49114006
49114007,12025,0,0,1,4,12023,117,7654,4,4334
49114008,0,0,0,1,4,12023,117,7654,4,4334
49114009,0,0,0,1,4,12023,117,7654,4,4334
49114010,0,0,0,1,4,12023,117,7654,4,4334
49114011,0,51125,51125,1,4,12023,117,7654,4,4334
49114012,0,51125,51125,1,4,12023,117,7654,4,4334
49114013,0,51125,51125,1,4,12023,117,7654,4,4334
49114014,0,51125,51125,1,4,12023,117,7654,4,4334
49114015,0,0,51125,1,4,12023,117,7654,4,4334
49114016,0,0,51125,1,4,12023,117,7654,4,4334
49114017,0,0,51125,1,4,12023,117,7654,4,4334
49114018,0,0,51125,51125,4,12023,117,7654,4,4334
49114019,0,0,51125,51125,4,12023,117,7654,4,4334
49114020,0,0,51125,51125,4,12023,117,7654,4,4333
49114021,0,0,52522,52522,4,12023,117,7654,4,4333
49114022,0,0,52522,52522,4,12023,117,7654,4,4333
49114732,0,0,0,1,5,12023,117,7654,5,4333
49114733,0,0,0,1,5,12023,117,7654,5,4333
49114734,12025,0,0,1,5,12023,117,7654,5,4333
# MARK w2 tick=49114734
49114735,12025,0,0,1,5,12023,117,7654,5,4333
49114736,0,0,0,1,5,12023,117,7654,5,4333
49114737,0,0,0,1,5,12023,117,7654,5,4333
49114738,0,0,0,1,5,12023,117,7654,5,4333
49114739,0,51125,51125,1,5,12023,117,7654,5,4333
49114740,0,51125,51125,1,5,12023,117,7654,5,4333
49114741,0,51125,51125,1,5,12023,117,7654,5,4333
49114742,0,51125,51125,1,5,12023,117,7654,5,4333
49114743,0,0,51125,1,5,12023,117,7654,5,4333
49114744,0,0,51125,1,5,12023,117,7654,5,4333
49114745,0,0,51125,1,5,12023,117,7654,5,4333
49114746,0,0,51125,51125,5,12023,117,7654,5,4333
49114747,0,0,51125,51125,5,12023,117,7654,5,4334
49114748,0,0,51125,51125,5,12023,117,7654,5,377
49114749,0,0,0,377,5,12023,117,7654,5,377
49114750,0,0,0,377,5,12023,117,7654,5,377
49172650,0,0,0,1,4,12023,117,7654,4,4334
49172651,0,0,0,1,4,12023,117,7654,4,4334
49172652,12025,0,0,1,4,12023,117,7654,4,4334
# MARK w2 tick=49172652
49172653,12025,0,0,1,4,12023,117,7654,4,4334
49172654,0,0,0,1,4,12023,117,7654,4,4334
49172655,0,0,0,1,4,12023,117,7654,4,4334
49172656,0,0,0,1,4,12023,117,7654,4,4334
49172657,0,51125,51125,1,4,12023,117,7654,4,4334
49172658,0,51125,51125,1,4,12023,117,7654,4,4334
49172659,0,51125,51125,1,4,12023,117,7654,4,4334
49172660,0,51125,51125,1,4,12023,117,7654,4,4334
49172661,0,0,51125,1,4,12023,117,7654,4,4334
49172662,0,0,51125,1,4,12023,117,7654,4,4334
49172663,0,0,51125,1,4,12023,117,7654,4,4334
49172664,0,0,51125,51125,4,12023,117,7654,4,4334
49172665,0,0,51125,51125,4,12023,117,7654,4,4334
49172666,0,0,51125,51125,4,12023,117,7654,4,4333
49172667,0,0,52522,52522,4,12023,117,7654,4,4333
49172668,0,0,52522,52522,4,12023,117,7654,4,4333
49173366,0,0,0,1,5,12023,117,7654,5,4333
49173367,0,0,0,1,5,12023,117,7654,5,4333
49173368,12025,0,0,1,5,12023,117,7654,5,4333
# MARK w2 tick=49173368
49173369,12025,0,0,1,5,12023,117,7654,5,4333
49173370,0,0,0,1,5,12023,117,7654,5,4333
49173371,0,0,0,1,5,12023,117,7654,5,4333
49173372,0,0,0,1,5,12023,117,7654,5,4333
49173373,0,51125,51125,1,5,12023,117,7654,5,4333
49173374,0,51125,51125,1,5,12023,117,7654,5,4333
49173375,0,51125,51125,1,5,12023,117,7654,5,4333
49173376,0,51125,51125,1,5,12023,117,7654,5,4333
49173377,0,0,51125,1,5,12023,117,7654,5,4333
49173378,0,0,51125,1,5,12023,117,7654,5,4333
49173379,0,0,51125,1,5,12023,117,7654,5,4333
49173380,0,0,51125,51125,5,12023,117,7654,5,4333
49173381,0,0,51125,51125,5,12023,117,7654,5,4334
49173382,0,0,51125,51125,5,12023,117,7654,5,377
49173383,0,0,0,377,5,12023,117,7654,5,377
49173384,0,0,0,377,5,12023,117,7654,5,377
49239329,0,0,0,1,4,12023,117,7654,4,4334
49239330,0,0,0,1,4,12023,117,7654,4,4334
49239331,12025,0,0,1,4,12023,117,7654,4,4334
# MARK w2 tick=49239331
49239332,12025,0,0,1,4,12023,117,7654,4,4334
49239333,0,0,0,1,4,12023,117,7654,4,4334
49239334,0,0,0,1,4,12023,117,7654,4,4334
49239335,0,0,0,1,4,12023,117,7654,4,4334
49239336,0,51125,51125,1,4,12023,117,7654,4,4334
49239337,0,51125,51125,1,4,12023,117,7654,4,4334
49239338,0,51125,51125,1,4,12023,117,7654,4,4334
49239339,0,51125,51125,1,4,12023,117,7654,4,4334
49239340,0,0,51125,1,4,12023,117,7654,4,4334
49239341,0,0,51125,1,4,12023,117,7654,4,4334
49239342,0,0,51125,1,4,12023,117,7654,4,4334
49239343,0,0,51125,51125,4,12023,117,7654,4,4334
49239344,0,0,51125,51125,4,12023,117,7654,4,4334
49239345,0,0,51125,51125,4,12023,117,7654,4,4333
49239346,0,0,52522,52522,4,12023,117,7654,4,4333
49239347,0,0,52522,52522,4,12023,117,7654,4,4333
49245700,0,0,0,1,5,12023,117,7654,5,4333
49245701,0,0,0,1,5,12023,117,7654,5,4333
49245702,12025,0,0,1,5,12023,117,7654,5,4333
# MARK w2 tick=49245702
49245703,12025,0,0,1,5,12023,117,7654,5,4333
49245704,0,0,0,1,5,12023,117,7654,5,4333
49245705,0,0,0,1,5,12023,117,7654,5,4333
49245706,0,0,0,1,5,12023,117,7654,5,4333
49245707,0,51125,51125,1,5,12023,117,7654,5,4333
49245708,0,51125,51125,1,5,12023,117,7654,5,4333
49245709,0,51125,51125,1,5,12023,117,7654,5,4333
49245710,0,51125,51125,1,5,12023,117,7654,5,4333
49245711,0,0,51125,1,5,12023,117,7654,5,4333
49245712,0,0,51125,1,5,12023,117,7654,5,4333
49245713,0,0,51125,1,5,12023,117,7654,5,4333
49245714,0,0,51125,51125,5,12023,117,7654,5,4333
49245715,0,0,51125,51125,5,12023,117,7654,5,4334
49245716,0,0,51125,51125,5,12023,117,7654,5,377
49245717,0,0,0,377,5,12023,117,7654,5,377
49245718,0,0,0,377,5,12023,117,7654,5,377
49345279,0,0,0,1,4,12023,117,7654,4,4334
49345280,0,0,0,1,4,12023,117,7654,4,4334
49345281,12025,0,0,1,4,12023,117,7654,4,4334
# MARK w2 tick=49345281
49345282,12025,0,0,1,4,12023,117,7654,4,4334
49345283,0,0,0,1,4,12023,117,7654,4,4334
49345284,0,0,0,1,4,12023,117,7654,4,4334
49345285,0,0,0,1,4,12023,117,7654,4,4334
49345286,0,51125,51125,1,4,12023,117,7654,4,4334
49345287,0,51125,51125,1,4,12023,117,7654,4,4334
49345288,0,51125,51125,1,4,12023,117,7654,4,4334
49345289,0,51125,51125,1,4,12023,117,7654,4,4334
49345290,0,0,51125,1,4,12023,117,7654,4,4334
49345291,0,0,51125,1,4,12023,117,7654,4,4334
49345292,0,0,51125,1,4,12023,117,7654,4,4334
49345293,0,0,51125,51125,4,12023,117,7654,4,4334
49345294,0,0,51125,51125,4,12023,117,7654,4,4334
49345295,0,0,51125,51125,4,12023,117,7654,4,4333
49345296,0,0,52522,52522,4,12023,117,7654,4,4333
49345297,0,0,52522,52522,4,12023,117,7654,4,4333
49346001,0,0,0,1,5,12023,117,7654,5,4333
49346002,0,0,0,1,5,12023,117,7654,5,4333
49346003,12025,0,0,1,5,12023,117,7654,5,4333
# MARK w2 tick=49346003
49346004,12025,0,0,1,5,12023,117,7654,5,4333
49346005,0,0,0,1,5,12023,117,7654,5,4333
49346006,0,0,0,1,5,12023,117,7654,5,4333
49346007,0,0,0,1,5,12023,117,7654,5,4333
49346008,0,51125,51125,1,5,12023,117,7654,5,4333
49346009,0,51125,51125,1,5,12023,117,7654,5,4333
49346010,0,51125,51125,1,5,12023,117,7654,5,4333
49346011,0,51125,51125,1,5,12023,117,7654,5,4333
49346012,0,0,51125,1,5,12023,117,7654,5,4333
49346013,0,0,51125,1,5,12023,117,7654,5,4333
49346014,0,0,51125,1,5,12023,117,7654,5,4333
49346015,0,0,51125,51125,5,12023,117,7654,5,4333
49346016,0,0,51125,51125,5,12023,117,7654,5,4334
49346017,0,0,51125,51125,5,12023,117,7654,5,377
49346018,0,0,0,377,5,12023,117,7654,5,377
49346019,0,0,0,377,5,12023,117,7654,5,377
49420317,0,0,0,1,4,12023,117,7654,4,4334
49420318,0,0,0,1,4,12023,117,7654,4,4334
49420319,12025,0,0,1,4,12023,117,7654,4,4334
# MARK w2 tick=49420319
49420320,12025,0,0,1,4,12023,117,7654,4,4334
49420321,0,0,0,1,4,12023,117,7654,4,4334
49420322,0,0,0,1,4,12023,117,7654,4,4334
49420323,0,0,0,1,4,12023,117,7654,4,4334
49420324,0,51125,51125,1,4,12023,117,7654,4,4334
49420325,0,51125,51125,1,4,12023,117,7654,4,4334
49420326,0,51125,51125,1,4,12023,117,7654,4,4334
49420327,0,51125,51125,1,4,12023,117,7654,4,4334
49420328,0,0,51125,1,4,12023,117,7654,4,4334
49420329,0,0,51125,1,4,12023,117,7654,4,4334
49420330,0,0,51125,1,4,12023,117,7654,4,4334
49420331,0,0,51125,51125,4,12023,117,7654,4,4334
49420332,0,0,51125,51125,4,12023,117,7654,4,4334
49420333,0,0,51125,51125,4,12023,117,7654,4,4333
49420334,0,0,52522,52522,4,12023,117,7654,4,4333
49420335,0,0,52522,52522,4,12023,117,7654,4,4333
49426688,0,0,0,1,5,12023,117,7654,5,4333
49426689,0,0,0,1,5,12023,117,7654,5,4333
49426690,12025,0,0,1,5,12023,117,7654,5,4333
# MARK w2 tick=49426690
49426691,12025,0,0,1,5,12023,117,7654,5,4333
49426692,0,0,0,1,5,12023,117,7654,5,4333
49426693,0,0,0,1,5,12023,117,7654,5,4333
49426694,0,0,0,1,5,12023,117,7654,5,4333
49426695,0,51125,51125,1,5,12023,117,7654,5,4333
49426696,0,51125,51125,1,5,12023,117,7654,5,4333
49426697,0,51125,51125,1,5,12023,117,7654,5,4333
49426698,0,51125,51125,1,5,12023,117,7654,5,4333
49426699,0,0,51125,1,5,12023,117,7654,5,4333
49426700,0,0,51125,1,5,12023,117,7654,5,4333
49426701,0,0,51125,1,5,12023,117,7654,5,4333
49426702,0,0,51125,51125,5,12023,117,7654,5,4333
49426703,0,0,51125,51125,5,12023,117,7654,5,4334
49426704,0,0,51125,51125,5,12023,117,7654,5,377
49426705,0,0,0,377,5,12023,117,7654,5,377
49426706,0,0,0,377,5,12023,117,7654,5,377
49509222,0,0,0,1,4,12023,117,7654,4,4334
49509223,0,0,0,1,4,12023,117,7654,4,4334
49509224,12025,0,0,1,4,12023,117,7654,4,4334
# MARK w2 tick=49509224
49509225,12025,0,0,1,4,12023,117,7654,4,4334
49509226,0,0,0,1,4,12023,117,7654,4,4334
49509227,0,0,0,1,4,12023,117,7654,4,4334
49509228,0,0,0,1,4,12023,117,7654,4,4334
49509229,0,51125,51125,1,4,12023,117,7654,4,4334
49509230,0,51125,51125,1,4,12023,117,7654,4,4334
49509231,0,51125,51125,1,4,12023,117,7654,4,4334
49509232,0,51125,51125,1,4,12023,117,7654,4,4334
49509233,0,0,51125,1,4,12023,117,7654,4,4334
49509234,0,0,51125,1,4,12023,117,7654,4,4334
49509235,0,0,51125,1,4,12023,117,7654,4,4334
49509236,0,0,51125,51125,4,12023,117,7654,4,4334
49509237,0,0,51125,51125,4,12023,117,7654,4,4334
49509238,0,0,51125,51125,4,12023,117,7654,4,4333
49509239,0,0,52522,52522,4,12023,117,7654,4,4333
49509240,0,0,52522,52522,4,12023,117,7654,4,4333
49509945,0,0,0,1,5,12023,117,7654,5,4333
49509946,0,0,0,1,5,12023,117,7654,5,4333
49509947,12025,0,0,1,5,12023,117,7654,5,4333
# MARK w2 tick=49509947
49509948,12025,0,0,1,5,12023,117,7654,5,4333
49509949,0,0,0,1,5,12023,117,7654,5,4333
49509950,0,0,0,1,5,12023,117,7654,5,4333
49509951,0,0,0,1,5,12023,117,7654,5,4333
49509952,0,51125,51125,1,5,12023,117,7654,5,4333
49509953,0,51125,51125,1,5,12023,117,7654,5,4333
49509954,0,51125,51125,1,5,12023,117,7654,5,4333
49509955,0,51125,51125,1,5,12023,117,7654,5,4333
49509956,0,0,51125,1,5,12023,117,7654,5,4333
49509957,0,0,51125,1,5,12023,117,7654,5,4333
49509958,0,0,51125,1,5,12023,117,7654,5,4333
49509959,0,0,51125,51125,5,12023,117,7654,5,4333
49509960,0,0,51125,51125,5,12023,117,7654,5,4334
49509961,0,0,51125,51125,5,12023,117,7654,5,377
49509962,0,0,0,377,5,12023,117,7654,5,377
49509963,0,0,0,377,5,12023,117,7654,5,377
49649772,0,0,0,1,4,12023,177776,7632,4,4334
49649773,0,0,0,1,4,12023,177776,7632,4,4334
49649774,12025,0,0,1,4,12023,177776,7632,4,4334
# MARK w2 tick=49649774
49649775,12025,0,0,1,4,12023,177776,7632,4,4334
49649776,0,0,0,1,4,12023,177776,7632,4,4334
49649777,0,0,0,1,4,12023,177776,7632,4,4334
49649778,0,0,0,1,4,12023,177776,7632,4,4334
49649779,0,51125,51125,1,4,12023,177776,7632,4,4334
49649780,0,51125,51125,1,4,12023,177776,7632,4,4334
49649781,0,51125,51125,1,4,12023,177776,7632,4,4334
49649782,0,51125,51125,1,4,12023,177776,7632,4,4334
49649783,0,0,51125,1,4,12023,177776,7632,4,4334
49649784,0,0,51125,1,4,12023,177776,7632,4,4334
49649785,0,0,51125,1,4,12023,177776,7632,4,4334
49649786,0,0,51125,51125,4,12023,177776,7632,4,4334
49649787,0,0,51125,51125,4,12023,177776,7632,4,4334
49649788,0,0,51125,51125,4,12023,177776,7632,4,4333
49649789,0,0,52522,52522,4,12023,177776,7632,4,4333
49649790,0,0,52522,52522,4,12023,177776,7632,4,4333
49650274,0,0,0,1,4,12023,177776,7632,4,4334
49650275,0,0,0,1,4,12023,177776,7632,4,4334
49650276,12025,0,0,1,4,12023,177776,7632,4,4334
# MARK w2 tick=49650276
49650277,12025,0,0,1,4,12023,177776,7632,4,4334
49650278,0,0,0,1,4,12023,177776,7632,4,4334
49650279,0,0,0,1,4,12023,177776,7632,4,4334
49650280,0,0,0,1,4,12023,177776,7632,4,4334
49650281,0,51125,51125,1,4,12023,177776,7632,4,4334
49650282,0,51125,51125,1,4,12023,177776,7632,4,4334
49650283,0,51125,51125,1,4,12023,177776,7632,4,4334
49650284,0,51125,51125,1,4,12023,177776,7632,4,4334
49650285,0,0,51125,1,4,12023,177776,7632,4,4334
49650286,0,0,51125,1,4,12023,177776,7632,4,4334
49650287,0,0,51125,1,4,12023,177776,7632,4,4334
49650288,0,0,51125,51125,4,12023,177776,7632,4,4334
49650289,0,0,51125,51125,4,12023,177776,7632,4,4334
49650290,0,0,51125,51125,4,12023,177776,7632,4,4333
49650291,0,0,52522,52522,4,12023,177776,7632,4,4333
49650292,0,0,52522,52522,4,12023,177776,7632,4,4333
49650748,0,0,0,1,5,12023,177776,7632,5,4333
49650749,0,0,0,1,5,12023,177776,7632,5,4333
49650750,12025,0,0,1,5,12023,177776,7632,5,4333
# MARK w2 tick=49650750
49650751,12025,0,0,1,5,12023,177776,7632,5,4333
49650752,0,0,0,1,5,12023,177776,7632,5,4333
49650753,0,0,0,1,5,12023,177776,7632,5,4333
49650754,0,0,0,1,5,12023,177776,7632,5,4333
49650755,0,51125,51125,1,5,12023,177776,7632,5,4333
49650756,0,51125,51125,1,5,12023,177776,7632,5,4333
49650757,0,51125,51125,1,5,12023,177776,7632,5,4333
49650758,0,51125,51125,1,5,12023,177776,7632,5,4333
49650759,0,0,51125,1,5,12023,177776,7632,5,4333
49650760,0,0,51125,1,5,12023,177776,7632,5,4333
49650761,0,0,51125,1,5,12023,177776,7632,5,4333
49650762,0,0,51125,51125,5,12023,177776,7632,5,4333
49650763,0,0,51125,51125,5,12023,177776,7632,5,4334
49650764,0,0,51125,51125,5,12023,177776,7632,5,377
49650765,0,0,0,377,5,12023,177776,7632,5,377
49650766,0,0,0,377,5,12023,177776,7632,5,377
49651241,0,0,0,1,5,12023,177776,7632,5,4333
49651242,0,0,0,1,5,12023,177776,7632,5,4333
49651243,12025,0,0,1,5,12023,177776,7632,5,4333
# MARK w2 tick=49651243
49651244,12025,0,0,1,5,12023,177776,7632,5,4333
49651245,0,0,0,1,5,12023,177776,7632,5,4333
49651246,0,0,0,1,5,12023,177776,7632,5,4333
49651247,0,0,0,1,5,12023,177776,7632,5,4333
49651248,0,51125,51125,1,5,12023,177776,7632,5,4333
49651249,0,51125,51125,1,5,12023,177776,7632,5,4333
49651250,0,51125,51125,1,5,12023,177776,7632,5,4333
49651251,0,51125,51125,1,5,12023,177776,7632,5,4333
49651252,0,0,51125,1,5,12023,177776,7632,5,4333
49651253,0,0,51125,1,5,12023,177776,7632,5,4333
49651254,0,0,51125,1,5,12023,177776,7632,5,4333
49651255,0,0,51125,51125,5,12023,177776,7632,5,4333
49651256,0,0,51125,51125,5,12023,177776,7632,5,4334
49651257,0,0,51125,51125,5,12023,177776,7632,5,377
49651258,0,0,0,377,5,12023,177776,7632,5,377
49651259,0,0,0,377,5,12023,177776,7632,5,377
56826545,0,0,0,1,122,7422,1,7632,4,4345
56826546,0,0,0,1,122,7422,1,7632,4,4345
56826547,7424,0,0,1,122,7422,1,7632,4,4345
# MARK w2 tick=56826547
56826548,7424,0,0,1,122,7422,1,7632,4,4345
56826549,0,0,0,1,122,7422,1,7632,4,4345
56826550,0,0,0,1,122,7422,1,7632,4,4345
56826551,0,0,0,1,122,7422,1,7632,4,4345
56826552,0,177776,177776,1,122,7422,1,7632,4,4345
56826553,0,177776,177776,1,122,7422,1,7632,4,4345
56826554,0,177776,177776,1,122,7422,1,7632,4,4345
56826555,0,177776,177776,1,122,7422,1,7632,4,4345
56826556,0,0,177776,1,122,7422,1,7632,4,4345
56826557,0,0,177776,1,122,7422,1,7632,4,4345
56826558,0,0,177776,1,122,7422,1,7632,4,4345
56826559,0,0,177776,177776,122,7422,1,7632,4,4345
56826560,0,0,177776,177776,122,7422,1,7632,4,4345
56826561,0,0,177776,177776,122,7422,1,7632,4,4346
56826562,0,0,377,377,122,7422,1,7632,4,4346
56826563,0,0,377,377,122,7422,1,7632,4,4347
56826577,0,0,51376,51376,122,7422,1,7632,4,0
56826578,0,0,51376,51376,122,7422,1,7632,4,0
56826579,7424,0,51376,51376,122,7422,1,7632,4,0
# MARK w2 tick=56826579
56826580,7424,0,51376,51376,122,7422,1,7632,4,0
56826581,0,0,51376,51376,122,7422,1,7632,4,0
56826582,51376,0,51376,51376,122,7422,1,7632,4,0
56826583,51376,0,0,0,122,7422,1,7632,4,0
56826584,51376,0,0,0,122,7422,1,7632,4,0
56826585,51376,0,0,0,122,7422,1,7632,4,17
56826586,51376,0,0,0,122,7422,1,7632,4,16
56826587,51376,0,0,0,122,7422,1,7632,4,16
56826588,51376,0,0,0,122,7422,1,7632,4,16
56826589,0,0,0,0,122,7422,1,7632,4,16
56826590,0,0,1,1,122,7422,1,7632,4,50
56826591,0,0,1,1,122,7422,1,7632,4,50
56826592,0,0,1,1,122,7422,1,7632,4,51
56826593,0,0,177776,177776,122,7422,1,7632,4,51
56826594,0,0,177776,177776,122,7422,1,7632,4,52
56826595,0,0,177776,177776,122,7422,1,7632,4,52
56832652,0,0,0,1,125,7422,1,7632,5,4342
56832653,0,0,0,1,125,7422,1,7632,5,4342
56832654,7424,0,0,1,125,7422,1,7632,5,4342
# MARK w2 tick=56832654
56832655,7424,0,0,1,125,7422,1,7632,5,4342
56832656,0,0,0,1,125,7422,1,7632,5,4342
56832657,0,0,0,1,125,7422,1,7632,5,4342
56832658,0,0,0,1,125,7422,1,7632,5,4342
56832659,0,51376,51376,1,125,7422,1,7632,5,4342
56832660,0,51376,51376,1,125,7422,1,7632,5,4342
56832661,0,51376,51376,1,125,7422,1,7632,5,4342
56832662,0,51376,51376,1,125,7422,1,7632,5,4342
56832663,0,0,51376,1,125,7422,1,7632,5,4342
56832664,0,0,51376,1,125,7422,1,7632,5,4342
56832665,0,0,51376,1,125,7422,1,7632,5,4342
56832666,0,0,51376,51376,125,7422,1,7632,5,4342
56832667,0,0,51376,51376,125,7422,1,7632,5,4343
56832668,0,0,51376,51376,125,7422,1,7632,5,4343
56832669,0,0,177400,177400,125,7422,1,7632,5,4343
56832670,0,0,177400,177400,125,7422,1,7632,5,4344
56832678,0,0,51125,51125,125,7422,1,7632,5,0
56832679,0,0,51125,51125,125,7422,1,7632,5,0
56832680,7424,0,51125,51125,125,7422,1,7632,5,0
# MARK w2 tick=56832680
56832681,7424,0,51125,51125,125,7422,1,7632,5,0
56832682,0,0,51125,51125,125,7422,1,7632,5,0
56832683,51125,0,51125,51125,125,7422,1,7632,5,0
56832684,51125,0,0,0,125,7422,1,7632,5,0
56832685,51125,0,0,0,125,7422,1,7632,5,0
56832686,51125,0,0,0,125,7422,1,7632,5,2001
56832687,51125,0,0,0,125,7422,1,7632,5,17073
56832688,51125,0,0,0,125,7422,1,7632,5,17073
56832689,51125,0,0,0,125,7422,1,7632,5,0
56832690,0,0,0,0,125,7422,1,7632,5,0
56832691,53073,0,0,0,125,7422,1,7632,5,0
56832692,53073,0,0,0,125,7422,1,7632,5,6000
56832693,0,0,0,0,125,7422,1,7632,5,6000
56832694,0,0,0,0,125,7422,1,7632,5,6000
56832695,0,0,0,0,125,7422,1,7632,5,6000
56832696,0,146575,146575,0,125,7422,1,7632,5,7465
56850028,0,0,0,1,4,7422,1,7602,4,4334
56850029,0,0,0,1,4,7422,1,7602,4,4334
56850030,7424,0,0,1,4,7422,1,7602,4,4334
# MARK w2 tick=56850030
56850031,7424,0,0,1,4,7422,1,7602,4,4334
56850032,0,0,0,1,4,7422,1,7602,4,4334
56850033,0,0,0,1,4,7422,1,7602,4,4334
56850034,0,0,0,1,4,7422,1,7602,4,4334
56850035,0,51125,51125,1,4,7422,1,7602,4,4334
56850036,0,51125,51125,1,4,7422,1,7602,4,4334
56850037,0,51125,51125,1,4,7422,1,7602,4,4334
56850038,0,51125,51125,1,4,7422,1,7602,4,4334
56850039,0,0,51125,1,4,7422,1,7602,4,4334
56850040,0,0,51125,1,4,7422,1,7602,4,4334
56850041,0,0,51125,1,4,7422,1,7602,4,4334
56850042,0,0,51125,51125,4,7422,1,7602,4,4334
56850043,0,0,51125,51125,4,7422,1,7602,4,4334
56850044,0,0,51125,51125,4,7422,1,7602,4,4333
56850045,0,0,52522,52522,4,7422,1,7602,4,4333
56850046,0,0,52522,52522,4,7422,1,7602,4,4333
56850299,0,0,0,1,5,7422,1,7602,5,4333
56850300,0,0,0,1,5,7422,1,7602,5,4333
56850301,7424,0,0,1,5,7422,1,7602,5,4333
# MARK w2 tick=56850301
56850302,7424,0,0,1,5,7422,1,7602,5,4333
56850303,0,0,0,1,5,7422,1,7602,5,4333
56850304,0,0,0,1,5,7422,1,7602,5,4333
56850305,0,0,0,1,5,7422,1,7602,5,4333
56850306,0,51125,51125,1,5,7422,1,7602,5,4333
56850307,0,51125,51125,1,5,7422,1,7602,5,4333
56850308,0,51125,51125,1,5,7422,1,7602,5,4333
56850309,0,51125,51125,1,5,7422,1,7602,5,4333
56850310,0,0,51125,1,5,7422,1,7602,5,4333
56850311,0,0,51125,1,5,7422,1,7602,5,4333
56850312,0,0,51125,1,5,7422,1,7602,5,4333
56850313,0,0,51125,51125,5,7422,1,7602,5,4333
56850314,0,0,51125,51125,5,7422,1,7602,5,4334
56850315,0,0,51125,51125,5,7422,1,7602,5,377
56850316,0,0,0,377,5,7422,1,7602,5,377
56850317,0,0,0,377,5,7422,1,7602,5,377
57661678,2431,0,7424,7424,0,0,7424,1147,15,0
57661679,0,0,7424,7424,0,0,7424,1147,15,0
57661680,7424,0,7424,7424,0,0,7424,1147,15,0
# MARK w2 tick=57661680
57661681,7424,0,0,0,0,0,7424,1147,15,0
57661682,7424,0,0,0,0,0,7424,1147,15,0
57661683,7424,0,0,0,0,0,7424,1147,15,2001
57661684,7424,0,0,0,0,0,7424,1147,15,16445
57661685,7424,0,0,0,0,0,7424,1147,15,16445
57661686,7424,0,0,0,0,0,7424,1147,15,0
57661687,0,0,0,0,0,0,7424,1147,15,0
57661688,2445,0,0,0,0,0,7424,1147,15,0
57661689,2445,0,0,0,0,0,7424,1147,15,6000
57661690,0,0,0,0,0,0,7424,1147,15,6000
57661691,0,0,0,0,0,0,7424,1147,15,6000
57661692,0,0,0,0,0,0,7424,1147,15,6000
57661693,0,40354,40354,0,0,0,7424,1147,15,6403
57661694,0,40354,40354,0,0,0,7424,1147,15,6403
57661695,0,40354,40354,0,0,0,7424,1147,15,6403
57661696,0,40354,40354,0,0,0,7424,1147,15,6403
68567094,2431,0,12025,12025,0,0,12025,1147,15,0
68567095,0,0,12025,12025,0,0,12025,1147,15,0
68567096,12025,0,12025,12025,0,0,12025,1147,15,0
# MARK w2 tick=68567096
68567097,12025,0,0,0,0,0,12025,1147,15,0
68567098,12025,0,0,0,0,0,12025,1147,15,0
68567099,12025,0,0,0,0,0,12025,1147,15,2001
68567100,12025,0,0,0,0,0,12025,1147,15,16445
68567101,12025,0,0,0,0,0,12025,1147,15,16445
68567102,12025,0,0,0,0,0,12025,1147,15,0
68567103,0,0,0,0,0,0,12025,1147,15,0
68567104,2445,0,0,0,0,0,12025,1147,15,0
68567105,2445,0,0,0,0,0,12025,1147,15,6000
68567106,0,0,0,0,0,0,12025,1147,15,6000
68567107,0,0,0,0,0,0,12025,1147,15,6000
68567108,0,0,0,0,0,0,12025,1147,15,6000
68567109,0,40354,40354,0,0,0,12025,1147,15,6403
68567110,0,40354,40354,0,0,0,12025,1147,15,6403
68567111,0,40354,40354,0,0,0,12025,1147,15,6403
68567112,0,40354,40354,0,0,0,12025,1147,15,6403
