tick,RP,CSA,ND120_TOP.CORE.CPU_BOARD.CPU.PROC.CGA.DELILAH.TRAP.TVGEN.TVEC_3_0,ND120_TOP.CORE.CPU_BOARD.CPU.PROC.CGA.DELILAH.TRAP.TVGEN.s_gates1_out,ND120_TOP.CORE.CPU_BOARD.CPU.PROC.CGA.DELILAH.TRAP.TVGEN.s_gates9_out,ND120_TOP.CORE.CPU_BOARD.CPU.PROC.CGA.DELILAH.TRAP.TVGEN.s_wip_out,ND120_TOP.CORE.CPU_BOARD.CPU.PROC.CGA.DELILAH.TRAP.TVGEN.s_pgf_out,ND120_TOP.CORE.CPU_BOARD.CPU.PROC.CGA.DELILAH.TRAP.TVGEN.s_pgu_out,ND120_TOP.CORE.CPU_BOARD.CPU.PROC.CGA.DELILAH.TRAP.TVGEN.s_pviol_out,ND120_TOP.CORE.CPU_BOARD.CPU.PROC.CGA.DELILAH.TRAP.TVGEN.s_vacc,ND120_TOP.CORE.CPU_BOARD.CPU.PROC.CGA.DELILAH.TRAP.TVGEN.s_iwrite,ND120_TOP.CORE.CPU_BOARD.CPU.PROC.CGA.DELILAH.TRAP.TVGEN.s_ifetch,ND120_TOP.CORE.CPU_BOARD.CPU.PROC.CGA.DELILAH.TRAP.TVGEN.s_iind,ND120_TOP.CORE.CPU_BOARD.CPU.PROC.CGA.DELILAH.TRAP.TVGEN.s_ipt_15_9,ND120_TOP.CORE.CPU_BOARD.CPU.PROC.CGA.DELILAH.TRAP.TVGEN.s_ipcr_1_0,ND120_TOP.CORE.CPU_BOARD.CPU.PROC.CGA.DELILAH.TRAP.TVGEN.s_poni,ND120_TOP.CORE.CPU_BOARD.CPU.PROC.CGA.DELILAH.TRAP.TVGEN.TRAP_TVGEN.s_l2v1_n,ND120_TOP.CORE.CPU_BOARD.CPU.PROC.CGA.DELILAH.TRAP.TVGEN.TRAP_TVGEN.s_l3v1_n,ND120_TOP.CORE.CPU_BOARD.CPU.PROC.CGA.DELILAH.TRAP.TVGEN.TRAP_TVGEN.s_l2v2_n,ND120_TOP.CORE.CPU_BOARD.CPU.PROC.CGA.DELILAH.TRAP.TVGEN.TRAP_TVGEN.s_l2v0_n
214920899,121650,657,17,0,0,0,0,0,0,0,0,0,0,176,2,0,0,0,0,0
214920900,121650,326,17,0,0,0,0,0,0,0,0,0,0,176,2,0,0,0,0,0
214920901,121650,326,17,0,0,0,0,0,0,0,0,0,0,176,2,0,0,0,0,0
214920902,121650,326,17,0,0,0,0,0,0,0,0,0,0,176,2,0,0,0,0,0
214920903,121650,327,17,0,0,0,0,0,0,0,0,0,0,176,2,0,0,0,0,0
214920904,121650,327,17,0,0,0,0,0,0,0,0,0,0,176,2,0,0,0,0,0
214920905,121650,330,17,0,0,0,0,0,0,0,0,0,0,176,2,0,0,0,0,0
214920906,121650,660,17,0,0,0,0,0,0,0,0,0,0,176,2,0,0,0,0,0
214920907,121650,660,17,0,0,0,0,0,0,0,0,0,0,176,2,0,0,0,0,0
214920908,121650,660,17,0,0,0,0,0,0,0,0,0,0,176,2,0,0,0,0,0
214920909,121650,3650,17,0,0,0,0,0,0,0,0,0,0,176,2,0,0,0,0,0
214920910,121650,3650,17,0,0,0,0,0,0,0,0,0,0,176,2,0,0,0,0,0
214920911,121650,3650,17,0,0,0,0,0,0,0,0,0,0,176,2,0,0,0,0,0
214920912,121650,662,17,0,0,0,0,0,0,0,0,0,0,176,2,0,0,0,0,0
214920913,121650,662,17,0,0,0,0,0,0,0,0,0,0,176,2,0,0,0,0,0
214920914,121650,662,17,0,0,0,0,0,0,0,0,0,0,176,2,0,0,0,0,0
214920915,121650,677,17,0,0,0,0,0,0,0,0,0,0,176,2,0,0,0,0,0
214920916,121650,677,17,0,0,0,0,0,0,0,0,0,0,176,2,0,0,0,0,0
214920917,121650,677,17,0,0,0,0,0,0,0,0,0,0,176,2,0,0,0,0,0
214920918,121650,700,17,0,0,0,0,0,0,0,0,0,0,176,2,0,0,0,0,0
214920919,121650,700,17,0,0,0,0,0,0,0,0,0,0,176,2,1,0,0,0,0
214920920,121650,701,17,0,0,0,0,0,0,0,0,0,0,176,2,1,0,0,0,0
214920921,121650,145,17,0,0,0,0,0,0,0,0,0,0,176,2,1,0,0,0,0
214920922,121650,145,17,0,0,0,0,0,0,0,0,0,0,176,2,1,0,0,0,0
214920923,121650,145,17,0,0,0,0,0,0,0,0,0,0,176,2,1,0,0,0,0
214920924,121650,0,17,0,0,0,0,0,0,0,0,0,0,176,2,1,0,0,0,0
214920925,121650,0,17,0,0,0,0,0,0,1,0,1,0,176,2,1,0,0,0,0
214920926,121650,0,17,0,0,0,0,0,0,1,0,1,0,176,2,1,0,0,0,0
214920927,121650,2001,17,0,0,0,0,0,0,1,0,1,0,176,2,1,0,0,0,0
214920928,121650,17650,17,0,0,0,0,0,0,1,0,1,0,176,2,1,0,0,0,0
214920929,121650,17650,17,0,0,0,0,0,0,1,0,1,0,176,2,1,0,0,0,0
214920930,121650,0,17,0,0,0,0,0,0,1,0,1,0,176,2,1,0,0,0,0
214920931,121650,6000,17,0,0,0,0,0,0,1,0,1,0,176,2,1,0,0,0,0
214920932,121650,6000,17,0,0,0,0,0,0,1,0,1,0,176,2,1,0,0,0,0
214920933,121650,6000,17,0,0,0,0,0,0,1,0,1,0,176,2,1,0,0,0,0
214920934,121650,6000,17,0,0,0,0,0,0,1,0,1,0,176,2,1,0,0,0,0
214920935,121650,7406,17,0,0,0,0,0,0,1,0,1,0,176,2,1,0,0,0,0
214920936,121650,7406,17,0,0,0,0,0,0,1,0,1,0,176,2,1,0,0,0,0
214920937,121650,7406,17,0,0,0,0,0,0,1,0,1,0,176,2,1,0,0,0,0
214920938,121650,7406,17,0,0,0,0,0,0,1,0,1,0,176,2,1,0,0,0,0
214920939,121650,7406,17,0,0,0,0,0,0,1,0,1,0,176,2,1,0,0,0,0
214920940,121650,7406,17,0,0,0,0,0,0,1,0,1,0,176,2,1,0,0,0,0
214920941,121650,7406,17,0,0,0,0,0,0,1,0,1,0,176,2,1,0,0,0,0
214920942,121651,464,17,0,0,0,0,0,0,0,0,0,0,176,2,1,0,0,0,0
214920943,121651,464,17,0,0,0,0,0,0,0,0,0,0,176,2,1,0,0,0,0
214920944,121651,465,17,0,0,0,0,0,0,0,0,0,0,176,2,1,0,0,0,0
214920945,121651,465,17,0,0,0,0,0,0,0,0,0,0,176,2,1,0,0,0,0
214920946,121651,466,17,0,0,0,0,0,0,0,0,0,0,176,2,1,0,0,0,0
214920947,121651,466,17,0,0,0,0,0,0,0,0,0,0,176,2,1,0,0,0,0
214920948,121651,466,17,0,0,0,0,0,0,0,0,0,0,176,2,1,0,0,0,0
214920949,121651,467,17,0,0,0,0,0,0,0,0,0,0,176,2,1,0,0,0,0
214920950,121651,467,17,0,0,0,0,0,0,0,0,0,0,176,2,1,0,0,0,0
214920951,121651,467,17,0,0,0,0,0,0,0,0,0,0,176,2,1,0,0,0,0
214920952,121651,470,17,0,0,0,0,0,0,0,0,0,0,176,2,1,0,0,0,0
214920953,121651,0,17,0,0,0,0,0,0,0,0,0,0,176,2,1,0,0,0,0
214920954,121651,0,17,0,0,0,0,0,0,0,0,0,0,176,2,1,0,0,0,0
214920955,121651,0,17,0,0,0,0,0,0,0,0,0,0,176,2,1,0,0,0,0
214920956,121651,2001,17,0,0,0,0,0,0,0,0,0,0,176,2,1,0,0,0,0
214920957,121651,2001,17,0,0,0,0,0,0,0,0,0,0,176,2,1,0,0,0,0
214920958,121651,2001,17,0,0,0,0,0,0,0,0,0,0,176,2,1,0,0,0,0
214920959,121651,7431,17,0,0,0,0,0,0,0,0,0,0,176,2,1,0,0,0,0
214920960,121651,7431,17,0,0,0,0,0,0,0,0,0,0,176,2,1,0,0,0,0
214920961,121651,7431,17,0,0,0,0,0,0,0,0,0,0,176,2,1,0,0,0,0
214920962,121651,4201,17,0,0,0,0,0,0,0,0,0,0,176,2,1,0,0,0,0
214920963,121651,4201,17,0,0,0,0,0,0,0,0,0,0,176,2,1,0,0,0,0
214920964,121651,4202,17,0,0,0,0,0,0,0,0,0,0,176,2,1,0,0,0,0
214920965,121651,4202,17,0,0,0,0,0,0,0,0,0,0,176,2,1,0,0,0,0
214920966,121651,4203,17,0,0,0,0,0,0,0,0,0,0,176,2,1,0,0,0,0
214920967,121651,4203,17,0,0,0,0,0,0,0,0,0,0,176,2,1,0,0,0,0
214920968,121651,4203,17,0,0,0,0,0,0,0,0,0,0,176,2,1,0,0,0,0
214920969,121651,4204,17,0,0,0,0,0,0,0,0,0,0,176,2,1,0,0,0,0
214920970,121651,4204,17,0,0,0,0,0,0,0,0,0,0,176,2,1,0,0,0,0
214920971,121651,4204,17,0,0,0,0,0,0,0,0,0,0,176,2,1,0,0,0,0
214920972,121651,4205,17,0,0,0,0,0,0,0,0,0,0,176,2,1,0,0,0,0
214920973,121651,5740,17,0,0,0,0,0,0,0,0,0,0,176,2,1,0,0,0,0
214920974,121651,5740,17,0,0,0,0,0,0,0,0,0,0,176,2,1,0,0,0,0
214920975,121651,5740,17,0,0,0,0,0,0,0,0,0,0,176,2,1,0,0,0,0
214920976,121651,4206,17,0,0,0,0,0,0,0,0,0,0,176,2,1,0,0,0,0
214920977,121651,4206,17,0,0,0,0,0,0,0,0,0,0,176,2,1,0,0,0,0
214920978,121651,4206,17,0,0,0,0,0,0,0,0,0,0,176,2,1,0,0,0,0
214920979,121651,4256,17,0,0,0,0,0,0,0,0,0,0,176,2,1,0,0,0,0
214920980,121651,4256,17,0,0,0,0,0,0,0,0,0,0,176,2,1,0,0,0,0
214920981,121651,4256,17,0,0,0,0,0,0,0,0,0,0,176,2,1,0,0,0,0
214920982,121651,4257,17,0,0,0,0,0,0,0,0,0,0,176,2,1,0,0,0,0
214920983,121651,4257,17,0,0,0,0,0,0,0,0,0,0,176,2,1,0,0,0,0
214920984,121651,4260,17,0,0,0,0,0,0,0,0,0,0,176,2,1,0,0,0,0
214920985,121651,4262,17,0,0,0,0,0,0,0,0,0,0,176,2,1,0,0,0,0
214920986,121651,4262,17,0,0,0,0,0,0,1,0,0,0,176,2,1,0,0,0,0
214920987,121651,4262,7,1,1,0,1,1,1,1,0,0,0,2,2,1,0,0,0,0
214920988,121651,7,7,1,1,0,1,1,1,1,0,0,0,2,2,1,0,0,0,0
# MARK trap7 tick=214920988
214920989,121651,7,7,1,1,0,1,1,1,1,0,0,0,2,2,1,1,0,0,1
214920990,121651,7,7,1,1,0,1,1,1,1,0,0,0,2,2,1,1,0,0,1
214920991,121651,7,7,1,1,0,1,1,1,1,0,0,0,2,2,1,1,0,0,1
214920992,121651,7,7,1,1,0,1,1,1,1,0,0,0,2,2,1,1,0,0,1
214920993,121651,7,17,0,0,0,0,0,0,0,0,0,0,2,2,1,1,0,0,1
214920994,121651,7,17,0,0,0,0,0,0,0,0,0,0,2,2,1,1,0,0,1
214920995,121651,7,17,0,0,0,0,0,0,0,0,0,0,2,2,1,1,0,0,1
214920996,121651,7,17,0,0,0,0,0,0,0,0,0,0,2,2,1,0,0,0,0
214920997,121651,7,17,0,0,0,0,0,0,0,0,0,0,2,2,1,0,0,0,0
214920998,121651,7,17,0,0,0,0,0,0,0,0,0,0,2,2,1,0,0,0,0
214920999,121651,7,17,0,0,0,0,0,0,0,0,0,0,2,2,1,0,0,0,0
214921000,121651,7,17,0,0,0,0,0,0,0,0,0,0,2,2,1,0,0,0,0
214921001,121651,7,17,0,0,0,0,0,0,0,0,0,0,2,2,1,0,0,0,0
214921002,121651,7,17,0,0,0,0,0,0,0,0,0,0,2,2,1,0,0,0,0
214921003,121651,7,17,0,0,0,0,0,0,0,0,0,0,2,2,1,0,0,0,0
214921004,121651,7,17,0,0,0,0,0,0,0,0,0,0,2,2,1,0,0,0,0
214921005,121651,7,17,0,0,0,0,0,0,0,0,0,0,2,2,1,0,0,0,0
214921006,121651,7,17,0,0,0,0,0,0,0,0,0,0,2,2,1,0,0,0,0
214921007,121651,7,17,0,0,0,0,0,0,0,0,0,0,2,2,1,0,0,0,0
214921008,121651,7,17,0,0,0,0,0,0,0,0,0,0,2,2,1,0,0,0,0
